timestamp,price,cash,position,total_value
2026-02-17 05:00:00+00:00,68245.71,10000.0,0.0,10000.0
2026-02-17 06:00:00+00:00,68400.0,90.10000000000036,0.14506406336749958,10012.48193433697
2026-02-17 07:00:00+00:00,68388.12,90.10000000000036,0.14506406336749958,10010.758573264166
2026-02-17 08:00:00+00:00,68177.53,90.10000000000036,0.14506406336749958,9980.209532159604
2026-02-17 09:00:00+00:00,68126.28,90.10000000000036,0.14506406336749958,9972.77499891202
2026-02-17 10:00:00+00:00,67845.3,9962.892323913109,0.0,9962.892323913109
2026-02-17 11:00:00+00:00,67854.6,9962.892323913109,0.0,9962.892323913109
2026-02-17 12:00:00+00:00,67919.49,9962.892323913109,0.0,9962.892323913109
2026-02-17 13:00:00+00:00,68136.34,9962.892323913109,0.0,9962.892323913109
2026-02-17 14:00:00+00:00,66875.06,9962.892323913109,0.0,9962.892323913109
2026-02-17 15:00:00+00:00,67392.05,9962.892323913109,0.0,9962.892323913109
2026-02-17 16:00:00+00:00,67517.36,9962.892323913109,0.0,9962.892323913109
2026-02-17 17:00:00+00:00,67244.22,9962.892323913109,0.0,9962.892323913109
2026-02-17 18:00:00+00:00,68098.62,9962.892323913109,0.0,9962.892323913109
2026-02-17 19:00:00+00:00,67793.32,9962.892323913109,0.0,9962.892323913109
2026-02-17 20:00:00+00:00,67753.3,9962.892323913109,0.0,9962.892323913109
2026-02-17 21:00:00+00:00,67680.54,9962.892323913109,0.0,9962.892323913109
2026-02-17 22:00:00+00:00,67527.72,9962.892323913109,0.0,9962.892323913109
2026-02-17 23:00:00+00:00,67503.52,9962.892323913109,0.0,9962.892323913109
2026-02-18 00:00:00+00:00,67302.65,9962.892323913109,0.0,9962.892323913109
2026-02-18 01:00:00+00:00,67165.2,9962.892323913109,0.0,9962.892323913109
2026-02-18 02:00:00+00:00,67335.04,9962.892323913109,0.0,9962.892323913109
2026-02-18 03:00:00+00:00,67629.11,9962.892323913109,0.0,9962.892323913109
2026-02-18 04:00:00+00:00,67823.54,9962.892323913109,0.0,9962.892323913109
2026-02-18 05:00:00+00:00,67654.8,9962.892323913109,0.0,9962.892323913109
2026-02-18 06:00:00+00:00,67850.52,9962.892323913109,0.0,9962.892323913109
2026-02-18 07:00:00+00:00,68106.44,9962.892323913109,0.0,9962.892323913109
2026-02-18 08:00:00+00:00,68132.82,9962.892323913109,0.0,9962.892323913109
2026-02-18 09:00:00+00:00,68157.79,9962.892323913109,0.0,9962.892323913109
2026-02-18 10:00:00+00:00,67801.26,89.7656598384583,0.14471219505025,9901.43482161117
2026-02-18 11:00:00+00:00,67369.75,89.7656598384583,0.14471219505025,9838.990062325038
2026-02-18 12:00:00+00:00,67458.06,89.7656598384583,0.14471219505025,9851.769596269925
2026-02-18 13:00:00+00:00,67236.88,89.7656598384583,0.14471219505025,9819.762152968711
2026-02-18 14:00:00+00:00,67223.76,89.7656598384583,0.14471219505025,9817.86352896965
2026-02-18 15:00:00+00:00,67694.01,89.7656598384583,0.14471219505025,9885.91443869203
2026-02-18 16:00:00+00:00,67145.34,89.7656598384583,0.14471219505025,9806.51519863381
2026-02-18 17:00:00+00:00,67187.39,89.7656598384583,0.14471219505025,9812.600346435675
2026-02-18 18:00:00+00:00,66359.99,9802.877511749077,0.0,9802.877511749077
2026-02-18 19:00:00+00:00,66177.14,9802.877511749077,0.0,9802.877511749077
2026-02-18 20:00:00+00:00,66268.39,9802.877511749077,0.0,9802.877511749077
2026-02-18 21:00:00+00:00,66342.76,9802.877511749077,0.0,9802.877511749077
2026-02-18 22:00:00+00:00,66408.82,9802.877511749077,0.0,9802.877511749077
2026-02-18 23:00:00+00:00,66461.0,9802.877511749077,0.0,9802.877511749077
2026-02-19 00:00:00+00:00,66446.49,9802.877511749077,0.0,9802.877511749077
2026-02-19 01:00:00+00:00,66866.62,9802.877511749077,0.0,9802.877511749077
2026-02-19 02:00:00+00:00,66835.2,9802.877511749077,0.0,9802.877511749077
2026-02-19 03:00:00+00:00,66980.91,9802.877511749077,0.0,9802.877511749077
2026-02-19 04:00:00+00:00,66802.75,9802.877511749077,0.0,9802.877511749077
2026-02-19 05:00:00+00:00,66871.35,9802.877511749077,0.0,9802.877511749077
2026-02-19 06:00:00+00:00,67150.12,9802.877511749077,0.0,9802.877511749077
2026-02-19 07:00:00+00:00,67206.45,9802.877511749077,0.0,9802.877511749077
2026-02-19 08:00:00+00:00,66966.12,9802.877511749077,0.0,9802.877511749077
2026-02-19 09:00:00+00:00,66836.0,9802.877511749077,0.0,9802.877511749077
2026-02-19 10:00:00+00:00,66843.08,9802.877511749077,0.0,9802.877511749077
2026-02-19 11:00:00+00:00,66496.02,88.32392638085912,0.1451885331530442,9742.78353069635
2026-02-19 12:00:00+00:00,66516.67,88.32392638085912,0.1451885331530442,9745.78167390596
2026-02-19 13:00:00+00:00,65913.37,88.32392638085912,0.1451885331530442,9658.189431854727
2026-02-19 14:00:00+00:00,66421.2,9648.619566349254,0.0,9648.619566349254
2026-02-19 15:00:00+00:00,66398.0,9648.619566349254,0.0,9648.619566349254
2026-02-19 16:00:00+00:00,66293.53,9648.619566349254,0.0,9648.619566349254
2026-02-19 17:00:00+00:00,66369.42,9648.619566349254,0.0,9648.619566349254
2026-02-19 18:00:00+00:00,67030.49,9648.619566349254,0.0,9648.619566349254
2026-02-19 19:00:00+00:00,67050.0,9648.619566349254,0.0,9648.619566349254
2026-02-19 20:00:00+00:00,67149.11,9648.619566349254,0.0,9648.619566349254
2026-02-19 21:00:00+00:00,66916.51,9648.619566349254,0.0,9648.619566349254
2026-02-19 22:00:00+00:00,66915.14,9648.619566349254,0.0,9648.619566349254
2026-02-19 23:00:00+00:00,67003.73,9648.619566349254,0.0,9648.619566349254
2026-02-20 00:00:00+00:00,67228.91,86.93406229280663,0.14256121816928347,9671.16936808593
2026-02-20 01:00:00+00:00,67279.9,86.93406229280663,0.14256121816928347,9678.438564600381
2026-02-20 02:00:00+00:00,67242.03,86.93406229280663,0.14256121816928347,9673.03977126831
2026-02-20 03:00:00+00:00,67366.25,86.93406229280663,0.14256121816928347,9690.748725789299
2026-02-20 04:00:00+00:00,67264.83,86.93406229280663,0.14256121816928347,9676.29016704257
2026-02-20 05:00:00+00:00,67790.1,86.93406229280663,0.14256121816928347,9751.17329811035
2026-02-20 06:00:00+00:00,67847.47,86.93406229280663,0.14256121816928347,9759.352035196722
2026-02-20 07:00:00+00:00,67825.91,86.93406229280663,0.14256121816928347,9756.278415332992
2026-02-20 08:00:00+00:00,67879.99,86.93406229280663,0.14256121816928347,9763.988126011587
2026-02-20 09:00:00+00:00,68218.85,86.93406229280663,0.14256121816928347,9812.296420400431
2026-02-20 10:00:00+00:00,67948.99,86.93406229280663,0.14256121816928347,9773.824850065268
2026-02-20 11:00:00+00:00,67318.41,86.93406229280663,0.14256121816928347,9683.92859711208
2026-02-20 12:00:00+00:00,67541.77,86.93406229280663,0.14256121816928347,9715.771070802371
2026-02-20 13:00:00+00:00,66801.62,86.93406229280663,0.14256121816928347,9610.254385174376
2026-02-20 14:00:00+00:00,67069.65,86.93406229280663,0.14256121816928347,9648.46506848029
2026-02-20 15:00:00+00:00,67582.95,86.93406229280663,0.14256121816928347,9721.641741766582
2026-02-20 16:00:00+00:00,67795.47,86.93406229280663,0.14256121816928347,9751.938851851919
2026-02-20 17:00:00+00:00,67613.37,86.93406229280663,0.14256121816928347,9725.978454023292
2026-02-20 18:00:00+00:00,67924.21,86.93406229280663,0.14256121816928347,9770.292183079033
2026-02-20 19:00:00+00:00,67646.03,86.93406229280663,0.14256121816928347,9730.6345034087
2026-02-20 20:00:00+00:00,67750.4,86.93406229280663,0.14256121816928347,9745.513617749028
2026-02-20 21:00:00+00:00,67825.87,86.93406229280663,0.14256121816928347,9756.272712884263
2026-02-20 22:00:00+00:00,68078.13,86.93406229280663,0.14256121816928347,9792.235205779649
2026-02-20 23:00:00+00:00,68020.01,86.93406229280663,0.14256121816928347,9783.949547779648
2026-02-21 00:00:00+00:00,67841.0,86.93406229280663,0.14256121816928347,9758.429664115167
2026-02-21 01:00:00+00:00,67951.24,86.93406229280663,0.14256121816928347,9774.145612806149
2026-02-21 02:00:00+00:00,68001.05,86.93406229280663,0.14256121816928347,9781.24658708316
2026-02-21 03:00:00+00:00,67667.77,86.93406229280663,0.14256121816928347,9733.733784291702
2026-02-21 04:00:00+00:00,67816.97,86.93406229280663,0.14256121816928347,9755.00391804256
2026-02-21 05:00:00+00:00,67851.93,86.93406229280663,0.14256121816928347,9759.987858229755
2026-02-21 06:00:00+00:00,67793.38,86.93406229280663,0.14256121816928347,9751.640898905946
2026-02-21 07:00:00+00:00,67856.01,86.93406229280663,0.14256121816928347,9760.569507999886
2026-02-21 08:00:00+00:00,68055.03,86.93406229280663,0.14256121816928347,9788.942041639937
2026-02-21 09:00:00+00:00,68147.53,86.93406229280663,0.14256121816928347,9802.128954320597
2026-02-21 10:00:00+00:00,68215.54,86.93406229280663,0.14256121816928347,9811.824542768289
2026-02-21 11:00:00+00:00,68092.45,86.93406229280663,0.14256121816928347,9794.276682423832
2026-02-21 12:00:00+00:00,68203.42,86.93406229280663,0.14256121816928347,9810.096700804077
2026-02-21 13:00:00+00:00,68259.99,86.93406229280663,0.14256121816928347,9818.161388915914
2026-02-21 14:00:00+00:00,68450.01,86.93406229280663,0.14256121816928347,9845.250871592441
2026-02-21 15:00:00+00:00,68615.0,86.93406229280663,0.14256121816928347,9868.772046978193
2026-02-21 16:00:00+00:00,68322.6,86.93406229280663,0.14256121816928347,9827.087146785494
2026-02-21 17:00:00+00:00,68437.45,86.93406229280663,0.14256121816928347,9843.460302692234
2026-02-21 18:00:00+00:00,68574.0,86.93406229280663,0.14256121816928347,9862.92703703325
2026-02-21 19:00:00+00:00,68543.51,86.93406229280663,0.14256121816928347,9858.58034549127
2026-02-21 20:00:00+00:00,68211.19,86.93406229280663,0.14256121816928347,9811.204401469253
2026-02-21 21:00:00+00:00,68379.95,86.93406229280663,0.14256121816928347,9835.263032647501
2026-02-21 22:00:00+00:00,67972.0,86.93406229280663,0.14256121816928347,9777.105183695343
2026-02-21 23:00:00+00:00,67975.93,86.93406229280663,0.14256121816928347,9777.665449282747
2026-02-22 00:00:00+00:00,67946.0,86.93406229280663,0.14256121816928347,9773.39859202294
2026-02-22 01:00:00+00:00,68159.31,86.93406229280663,0.14256121816928347,9803.80832547063
2026-02-22 02:00:00+00:00,67909.68,86.93406229280663,0.14256121816928347,9768.22076857903
2026-02-22 03:00:00+00:00,68041.43,86.93406229280663,0.14256121816928347,9787.003209072835
2026-02-22 04:00:00+00:00,67983.5,86.93406229280663,0.14256121816928347,9778.744637704289
2026-02-22 05:00:00+00:00,67977.52,9769.052827128877,0.0,9769.052827128877
2026-02-22 06:00:00+00:00,68038.13,9769.052827128877,0.0,9769.052827128877
2026-02-22 07:00:00+00:00,68005.3,9769.052827128877,0.0,9769.052827128877
2026-02-22 08:00:00+00:00,67950.1,9769.052827128877,0.0,9769.052827128877
2026-02-22 09:00:00+00:00,68053.32,9769.052827128877,0.0,9769.052827128877
2026-02-22 10:00:00+00:00,68129.56,9769.052827128877,0.0,9769.052827128877
2026-02-22 11:00:00+00:00,68219.97,9769.052827128877,0.0,9769.052827128877
2026-02-22 12:00:00+00:00,67928.22,9769.052827128877,0.0,9769.052827128877
2026-02-22 13:00:00+00:00,67652.38,9769.052827128877,0.0,9769.052827128877
2026-02-22 14:00:00+00:00,67443.89,9769.052827128877,0.0,9769.052827128877
2026-02-22 15:00:00+00:00,67684.14,9769.052827128877,0.0,9769.052827128877
2026-02-22 16:00:00+00:00,67632.76,9769.052827128877,0.0,9769.052827128877
2026-02-22 17:00:00+00:00,67384.49,9769.052827128877,0.0,9769.052827128877
2026-02-22 18:00:00+00:00,67422.62,9769.052827128877,0.0,9769.052827128877
2026-02-22 19:00:00+00:00,67428.32,9769.052827128877,0.0,9769.052827128877
2026-02-22 20:00:00+00:00,67401.74,9769.052827128877,0.0,9769.052827128877
2026-02-22 21:00:00+00:00,67612.66,9769.052827128877,0.0,9769.052827128877
2026-02-22 22:00:00+00:00,67666.16,9769.052827128877,0.0,9769.052827128877
2026-02-22 23:00:00+00:00,67643.4,9769.052827128877,0.0,9769.052827128877
2026-02-23 00:00:00+00:00,66740.47,9769.052827128877,0.0,9769.052827128877
2026-02-23 01:00:00+00:00,64427.65,9769.052827128877,0.0,9769.052827128877
2026-02-23 02:00:00+00:00,64783.56,9769.052827128877,0.0,9769.052827128877
2026-02-23 03:00:00+00:00,64934.17,9769.052827128877,0.0,9769.052827128877
2026-02-23 04:00:00+00:00,64808.31,9769.052827128877,0.0,9769.052827128877
2026-02-23 05:00:00+00:00,65070.9,9769.052827128877,0.0,9769.052827128877
2026-02-23 06:00:00+00:00,65757.32,9769.052827128877,0.0,9769.052827128877
2026-02-23 07:00:00+00:00,65958.94,9769.052827128877,0.0,9769.052827128877
2026-02-23 08:00:00+00:00,65676.44,9769.052827128877,0.0,9769.052827128877
2026-02-23 09:00:00+00:00,66404.91,9769.052827128877,0.0,9769.052827128877
2026-02-23 10:00:00+00:00,66319.69,9769.052827128877,0.0,9769.052827128877
2026-02-23 11:00:00+00:00,66207.23,9769.052827128877,0.0,9769.052827128877
2026-02-23 12:00:00+00:00,66280.4,9769.052827128877,0.0,9769.052827128877
2026-02-23 13:00:00+00:00,66132.66,9769.052827128877,0.0,9769.052827128877
2026-02-23 14:00:00+00:00,65923.53,9769.052827128877,0.0,9769.052827128877
2026-02-23 15:00:00+00:00,65660.1,9769.052827128877,0.0,9769.052827128877
2026-02-23 16:00:00+00:00,65364.65,9769.052827128877,0.0,9769.052827128877
2026-02-23 17:00:00+00:00,64813.26,9769.052827128877,0.0,9769.052827128877
2026-02-23 18:00:00+00:00,64635.49,9769.052827128877,0.0,9769.052827128877
2026-02-23 19:00:00+00:00,64295.1,9769.052827128877,0.0,9769.052827128877
2026-02-23 20:00:00+00:00,64473.14,9769.052827128877,0.0,9769.052827128877
2026-02-23 21:00:00+00:00,64580.66,9769.052827128877,0.0,9769.052827128877
2026-02-23 22:00:00+00:00,64725.56,9769.052827128877,0.0,9769.052827128877
2026-02-23 23:00:00+00:00,64656.02,9769.052827128877,0.0,9769.052827128877
2026-02-24 00:00:00+00:00,64941.43,9769.052827128877,0.0,9769.052827128877
2026-02-24 01:00:00+00:00,64160.27,9769.052827128877,0.0,9769.052827128877
2026-02-24 02:00:00+00:00,64109.81,9769.052827128877,0.0,9769.052827128877
2026-02-24 03:00:00+00:00,63595.51,9769.052827128877,0.0,9769.052827128877
2026-02-24 04:00:00+00:00,63378.84,9769.052827128877,0.0,9769.052827128877
2026-02-24 05:00:00+00:00,63104.79,9769.052827128877,0.0,9769.052827128877
2026-02-24 06:00:00+00:00,63082.79,9769.052827128877,0.0,9769.052827128877
2026-02-24 07:00:00+00:00,63192.96,9769.052827128877,0.0,9769.052827128877
2026-02-24 08:00:00+00:00,63392.15,9769.052827128877,0.0,9769.052827128877
2026-02-24 09:00:00+00:00,63249.99,9769.052827128877,0.0,9769.052827128877
2026-02-24 10:00:00+00:00,63284.5,9769.052827128877,0.0,9769.052827128877
2026-02-24 11:00:00+00:00,63227.1,9769.052827128877,0.0,9769.052827128877
2026-02-24 12:00:00+00:00,62969.05,9769.052827128877,0.0,9769.052827128877
2026-02-24 13:00:00+00:00,62900.0,9769.052827128877,0.0,9769.052827128877
2026-02-24 14:00:00+00:00,63453.99,9769.052827128877,0.0,9769.052827128877
2026-02-24 15:00:00+00:00,63973.97,9769.052827128877,0.0,9769.052827128877
2026-02-24 16:00:00+00:00,64265.52,9769.052827128877,0.0,9769.052827128877
2026-02-24 17:00:00+00:00,64219.71,9769.052827128877,0.0,9769.052827128877
2026-02-24 18:00:00+00:00,64435.06,9769.052827128877,0.0,9769.052827128877
2026-02-24 19:00:00+00:00,64435.03,9769.052827128877,0.0,9769.052827128877
2026-02-24 20:00:00+00:00,64472.9,9769.052827128877,0.0,9769.052827128877
2026-02-24 21:00:00+00:00,64042.66,9769.052827128877,0.0,9769.052827128877
2026-02-24 22:00:00+00:00,64120.95,88.01916597243144,0.15101437540004722,9771.204380280089
2026-02-24 23:00:00+00:00,64058.15,88.01916597243144,0.15101437540004722,9761.720677504967
2026-02-25 00:00:00+00:00,64224.3,88.01916597243144,0.15101437540004722,9786.811715977685
2026-02-25 01:00:00+00:00,65896.75,88.01916597243144,0.15101437540004722,10039.375708115493
2026-02-25 02:00:00+00:00,65884.83,88.01916597243144,0.15101437540004722,10037.575616760725
2026-02-25 03:00:00+00:00,65391.73,88.01916597243144,0.15101437540004722,9963.110428250962
2026-02-25 04:00:00+00:00,65457.99,88.01916597243144,0.15101437540004722,9973.116640764969
2026-02-25 05:00:00+00:00,64882.76,88.01916597243144,0.15101437540004722,9886.248641603599
2026-02-25 06:00:00+00:00,64898.22,88.01916597243144,0.15101437540004722,9888.583323847284
2026-02-25 07:00:00+00:00,65028.3,88.01916597243144,0.15101437540004722,9908.227273799323
2026-02-25 08:00:00+00:00,65530.49,88.01916597243144,0.15101437540004722,9984.065182981472
2026-02-25 09:00:00+00:00,65558.71,88.01916597243144,0.15101437540004722,9988.326808655262
2026-02-25 10:00:00+00:00,65400.87,88.01916597243144,0.15101437540004722,9964.490699642118
2026-02-25 11:00:00+00:00,65430.04,88.01916597243144,0.15101437540004722,9968.895788972537
2026-02-25 12:00:00+00:00,66068.94,88.01916597243144,0.15101437540004722,10065.378873415628
2026-02-25 13:00:00+00:00,66248.62,88.01916597243144,0.15101437540004722,10092.513136387508
2026-02-25 14:00:00+00:00,66973.2,88.01916597243144,0.15101437540004722,10201.935132514875
2026-02-25 15:00:00+00:00,67412.33,88.01916597243144,0.15101437540004722,10268.250075184296
2026-02-25 16:00:00+00:00,68297.35,88.01916597243144,0.15101437540004722,10401.900817700847
2026-02-25 17:00:00+00:00,68674.2,88.01916597243144,0.15101437540004722,10458.810585070354
2026-02-25 18:00:00+00:00,69328.07,88.01916597243144,0.15101437540004722,10557.554354713184
2026-02-25 19:00:00+00:00,69038.26,88.01916597243144,0.15101437540004722,10513.788878578494
2026-02-25 20:00:00+00:00,69148.69,88.01916597243144,0.15101437540004722,10530.465396053924
2026-02-25 21:00:00+00:00,68919.72,88.01916597243144,0.15101437540004722,10495.887634518574
2026-02-25 22:00:00+00:00,68432.13,88.01916597243144,0.15101437540004722,10422.254535217266
2026-02-25 23:00:00+00:00,67988.04,88.01916597243144,0.15101437540004722,10355.190561245858
2026-02-26 00:00:00+00:00,68335.99,88.01916597243144,0.15101437540004722,10407.736013166304
2026-02-26 01:00:00+00:00,68248.3,88.01916597243144,0.15101437540004722,10394.493562587475
2026-02-26 02:00:00+00:00,68257.45,88.01916597243144,0.15101437540004722,10395.875344122383
2026-02-26 03:00:00+00:00,68216.86,88.01916597243144,0.15101437540004722,10389.745670624898
2026-02-26 04:00:00+00:00,68571.36,88.01916597243144,0.15101437540004722,10443.280266704214
2026-02-26 05:00:00+00:00,68443.81,88.01916597243144,0.15101437540004722,10424.018383121936
2026-02-26 06:00:00+00:00,68176.75,88.01916597243144,0.15101437540004722,10383.688484027602
2026-02-26 07:00:00+00:00,67825.04,88.01916597243144,0.15101437540004722,10330.57521805565
2026-02-26 08:00:00+00:00,67954.01,88.01916597243144,0.15101437540004722,10350.051542050993
2026-02-26 09:00:00+00:00,68589.41,88.01916597243144,0.15101437540004722,10446.006076180185
2026-02-26 10:00:00+00:00,68301.62,88.01916597243144,0.15101437540004722,10402.545649083804
2026-02-26 11:00:00+00:00,68051.31,88.01916597243144,0.15101437540004722,10364.745240777418
2026-02-26 12:00:00+00:00,68171.56,88.01916597243144,0.15101437540004722,10382.904719419274
2026-02-26 13:00:00+00:00,67905.35,88.01916597243144,0.15101437540004722,10342.70318254403
2026-02-26 14:00:00+00:00,67697.74,10332.448498527458,0.0,10332.448498527458
2026-02-26 15:00:00+00:00,67382.0,10332.448498527458,0.0,10332.448498527458
2026-02-26 16:00:00+00:00,66643.55,10332.448498527458,0.0,10332.448498527458
2026-02-26 17:00:00+00:00,66826.8,10332.448498527458,0.0,10332.448498527458
2026-02-26 18:00:00+00:00,67310.53,10332.448498527458,0.0,10332.448498527458
2026-02-26 19:00:00+00:00,67589.22,10332.448498527458,0.0,10332.448498527458
2026-02-26 20:00:00+00:00,67414.07,10332.448498527458,0.0,10332.448498527458
2026-02-26 21:00:00+00:00,67463.65,10332.448498527458,0.0,10332.448498527458
2026-02-26 22:00:00+00:00,67572.3,10332.448498527458,0.0,10332.448498527458
2026-02-26 23:00:00+00:00,67485.18,10332.448498527458,0.0,10332.448498527458
2026-02-27 00:00:00+00:00,67226.5,10332.448498527458,0.0,10332.448498527458
2026-02-27 01:00:00+00:00,67352.26,10332.448498527458,0.0,10332.448498527458
2026-02-27 02:00:00+00:00,67266.58,10332.448498527458,0.0,10332.448498527458
2026-02-27 03:00:00+00:00,67600.84,10332.448498527458,0.0,10332.448498527458
2026-02-27 04:00:00+00:00,67747.49,10332.448498527458,0.0,10332.448498527458
2026-02-27 05:00:00+00:00,67724.99,10332.448498527458,0.0,10332.448498527458
2026-02-27 06:00:00+00:00,67658.14,10332.448498527458,0.0,10332.448498527458
2026-02-27 07:00:00+00:00,67690.6,10332.448498527458,0.0,10332.448498527458
2026-02-27 08:00:00+00:00,67926.24,10332.448498527458,0.0,10332.448498527458
2026-02-27 09:00:00+00:00,67355.73,10332.448498527458,0.0,10332.448498527458
2026-02-27 10:00:00+00:00,66604.91,10332.448498527458,0.0,10332.448498527458
2026-02-27 11:00:00+00:00,66126.99,10332.448498527458,0.0,10332.448498527458
2026-02-27 12:00:00+00:00,65928.01,10332.448498527458,0.0,10332.448498527458
2026-02-27 13:00:00+00:00,66270.55,10332.448498527458,0.0,10332.448498527458
2026-02-27 14:00:00+00:00,65887.59,10332.448498527458,0.0,10332.448498527458
2026-02-27 15:00:00+00:00,66095.4,10332.448498527458,0.0,10332.448498527458
2026-02-27 16:00:00+00:00,65475.21,10332.448498527458,0.0,10332.448498527458
2026-02-27 17:00:00+00:00,65703.19,10332.448498527458,0.0,10332.448498527458
2026-02-27 18:00:00+00:00,65314.76,10332.448498527458,0.0,10332.448498527458
2026-02-27 19:00:00+00:00,65392.18,10332.448498527458,0.0,10332.448498527458
2026-02-27 20:00:00+00:00,65594.67,10332.448498527458,0.0,10332.448498527458
2026-02-27 21:00:00+00:00,65527.59,10332.448498527458,0.0,10332.448498527458
2026-02-27 22:00:00+00:00,65637.99,10332.448498527458,0.0,10332.448498527458
2026-02-27 23:00:00+00:00,65872.1,10332.448498527458,0.0,10332.448498527458
2026-02-28 00:00:00+00:00,65942.0,10332.448498527458,0.0,10332.448498527458
2026-02-28 01:00:00+00:00,65770.36,10332.448498527458,0.0,10332.448498527458
2026-02-28 02:00:00+00:00,65961.13,10332.448498527458,0.0,10332.448498527458
2026-02-28 03:00:00+00:00,65797.42,10332.448498527458,0.0,10332.448498527458
2026-02-28 04:00:00+00:00,65663.2,10332.448498527458,0.0,10332.448498527458
2026-02-28 05:00:00+00:00,65591.03,10332.448498527458,0.0,10332.448498527458
2026-02-28 06:00:00+00:00,63216.01,10332.448498527458,0.0,10332.448498527458
2026-02-28 07:00:00+00:00,63826.0,10332.448498527458,0.0,10332.448498527458
2026-02-28 08:00:00+00:00,63473.28,10332.448498527458,0.0,10332.448498527458
2026-02-28 09:00:00+00:00,63658.54,10332.448498527458,0.0,10332.448498527458
2026-02-28 10:00:00+00:00,64010.39,10332.448498527458,0.0,10332.448498527458
2026-02-28 11:00:00+00:00,63844.2,10332.448498527458,0.0,10332.448498527458
2026-02-28 12:00:00+00:00,64017.19,10332.448498527458,0.0,10332.448498527458
2026-02-28 13:00:00+00:00,65106.44,10332.448498527458,0.0,10332.448498527458
2026-02-28 14:00:00+00:00,64435.61,10332.448498527458,0.0,10332.448498527458
2026-02-28 15:00:00+00:00,64841.18,10332.448498527458,0.0,10332.448498527458
2026-02-28 16:00:00+00:00,65094.3,10332.448498527458,0.0,10332.448498527458
2026-02-28 17:00:00+00:00,65442.62,10332.448498527458,0.0,10332.448498527458
2026-02-28 18:00:00+00:00,65911.84,10332.448498527458,0.0,10332.448498527458
2026-02-28 19:00:00+00:00,66362.01,10332.448498527458,0.0,10332.448498527458
2026-02-28 20:00:00+00:00,66959.62,10332.448498527458,0.0,10332.448498527458
2026-02-28 21:00:00+00:00,66723.22,93.09536097173259,0.1527655624918747,10286.105595540837
2026-02-28 22:00:00+00:00,67103.64,93.09536097173259,0.1527655624918747,10344.220670823996
2026-02-28 23:00:00+00:00,66973.26,93.09536097173259,0.1527655624918747,10324.303096786303
2026-03-01 00:00:00+00:00,66791.29,93.09536097173259,0.1527655624918747,10296.504347379658
2026-03-01 01:00:00+00:00,67339.36,93.09536097173259,0.1527655624918747,10380.23056921458
2026-03-01 02:00:00+00:00,67620.65,93.09536097173259,0.1527655624918747,10423.201994287918
2026-03-01 03:00:00+00:00,67502.16,93.09536097173259,0.1527655624918747,10405.100802788258
2026-03-01 04:00:00+00:00,67346.5,93.09536097173259,0.1527655624918747,10381.321315330772
2026-03-01 05:00:00+00:00,67292.09,93.09536097173259,0.1527655624918747,10373.009341075589
2026-03-01 06:00:00+00:00,66926.68,93.09536097173259,0.1527655624918747,10317.187276885432
2026-03-01 07:00:00+00:00,67141.39,93.09536097173259,0.1527655624918747,10349.987570808064
2026-03-01 08:00:00+00:00,66560.14,93.09536097173259,0.1527655624918747,10261.192587609661
2026-03-01 09:00:00+00:00,66410.08,93.09536097173259,0.1527655624918747,10238.268587302131
2026-03-01 10:00:00+00:00,66467.06,93.09536097173259,0.1527655624918747,10246.973169052917
2026-03-01 11:00:00+00:00,66468.03,93.09536097173259,0.1527655624918747,10247.121351648535
2026-03-01 12:00:00+00:00,66296.48,93.09536097173259,0.1527655624918747,10220.914419403054
2026-03-01 13:00:00+00:00,66934.79,93.09536097173259,0.1527655624918747,10318.426205597241
2026-03-01 14:00:00+00:00,66847.8,93.09536097173259,0.1527655624918747,10305.137129316076
2026-03-01 15:00:00+00:00,66842.42,93.09536097173259,0.1527655624918747,10304.315250589867
2026-03-01 16:00:00+00:00,66135.45,93.09536097173259,0.1527655624918747,10196.314580874987
2026-03-01 17:00:00+00:00,65979.61,10186.211361655083,0.0,10186.211361655083
2026-03-01 18:00:00+00:00,66316.83,10186.211361655083,0.0,10186.211361655083
2026-03-01 19:00:00+00:00,65962.17,10186.211361655083,0.0,10186.211361655083
2026-03-01 20:00:00+00:00,65300.0,10186.211361655083,0.0,10186.211361655083
2026-03-01 21:00:00+00:00,65666.2,10186.211361655083,0.0,10186.211361655083
2026-03-01 22:00:00+00:00,65268.71,10186.211361655083,0.0,10186.211361655083
2026-03-01 23:00:00+00:00,65776.47,10186.211361655083,0.0,10186.211361655083
2026-03-02 00:00:00+00:00,66501.52,10186.211361655083,0.0,10186.211361655083
2026-03-02 01:00:00+00:00,66532.02,10186.211361655083,0.0,10186.211361655083
2026-03-02 02:00:00+00:00,66276.77,10186.211361655083,0.0,10186.211361655083
2026-03-02 03:00:00+00:00,66820.03,10186.211361655083,0.0,10186.211361655083
2026-03-02 04:00:00+00:00,66862.12,10186.211361655083,0.0,10186.211361655083
2026-03-02 05:00:00+00:00,66730.78,10186.211361655083,0.0,10186.211361655083
2026-03-02 06:00:00+00:00,66204.9,10186.211361655083,0.0,10186.211361655083
2026-03-02 07:00:00+00:00,66007.52,10186.211361655083,0.0,10186.211361655083
2026-03-02 08:00:00+00:00,66282.0,10186.211361655083,0.0,10186.211361655083
2026-03-02 09:00:00+00:00,66168.62,91.77776436851309,0.1521431044331573,10158.877027226412
2026-03-02 10:00:00+00:00,66316.4,91.77776436851309,0.1521431044331573,10181.360735199543
2026-03-02 11:00:00+00:00,66359.68,91.77776436851309,0.1521431044331573,10187.945488759411
2026-03-02 12:00:00+00:00,65963.43,91.77776436851309,0.1521431044331573,10127.658783627772
2026-03-02 13:00:00+00:00,65440.01,91.77776436851309,0.1521431044331573,10048.024039905371
2026-03-02 14:00:00+00:00,67177.06,91.77776436851309,0.1521431044331573,10312.304219460986
2026-03-02 15:00:00+00:00,69130.2,91.77776436851309,0.1521431044331573,10609.461002453563
2026-03-02 16:00:00+00:00,69428.62,91.77776436851309,0.1521431044331573,10654.863547678506
2026-03-02 17:00:00+00:00,69198.0,91.77776436851309,0.1521431044331573,10619.776304934132
2026-03-02 18:00:00+00:00,68877.67,91.77776436851309,0.1521431044331573,10571.040304291058
2026-03-02 19:00:00+00:00,68966.53,91.77776436851309,0.1521431044331573,10584.559740550989
2026-03-02 20:00:00+00:00,69106.58,91.77776436851309,0.1521431044331573,10605.867382326853
2026-03-02 21:00:00+00:00,69413.82,91.77776436851309,0.1521431044331573,10652.611829732896
2026-03-02 22:00:00+00:00,69440.49,91.77776436851309,0.1521431044331573,10656.669486328128
2026-03-02 23:00:00+00:00,68830.06,91.77776436851309,0.1521431044331573,10563.796771088995
2026-03-03 00:00:00+00:00,69092.88,91.77776436851309,0.1521431044331573,10603.783021796118
2026-03-03 01:00:00+00:00,68760.01,91.77776436851309,0.1521431044331573,10553.139146623453
2026-03-03 02:00:00+00:00,68512.17,91.77776436851309,0.1521431044331573,10515.431999620738
2026-03-03 03:00:00+00:00,68377.94,91.77776436851309,0.1521431044331573,10495.009830712677
2026-03-03 04:00:00+00:00,68123.2,91.77776436851309,0.1521431044331573,10456.252896289374
2026-03-03 05:00:00+00:00,67947.75,91.77776436851309,0.1521431044331573,10429.559388616577
2026-03-03 06:00:00+00:00,68106.73,91.77776436851309,0.1521431044331573,10453.74709935936
2026-03-03 07:00:00+00:00,68172.8,91.77776436851309,0.1521431044331573,10463.799194269259
2026-03-03 08:00:00+00:00,67003.3,91.77776436851309,0.1521431044331573,10285.867833634682
2026-03-03 09:00:00+00:00,66647.98,91.77776436851309,0.1521431044331573,10231.808345767491
2026-03-03 10:00:00+00:00,66860.3,91.77776436851309,0.1521431044331573,10264.11136970074
2026-03-03 11:00:00+00:00,67026.61,10253.939036095408,0.0,10253.939036095408
2026-03-03 12:00:00+00:00,67399.85,10253.939036095408,0.0,10253.939036095408
2026-03-03 13:00:00+00:00,66931.31,10253.939036095408,0.0,10253.939036095408
2026-03-03 14:00:00+00:00,66568.95,10253.939036095408,0.0,10253.939036095408
2026-03-03 15:00:00+00:00,67725.81,10253.939036095408,0.0,10253.939036095408
2026-03-03 16:00:00+00:00,68175.9,10253.939036095408,0.0,10253.939036095408
2026-03-03 17:00:00+00:00,68318.66,10253.939036095408,0.0,10253.939036095408
2026-03-03 18:00:00+00:00,68628.49,10253.939036095408,0.0,10253.939036095408
2026-03-03 19:00:00+00:00,68435.0,10253.939036095408,0.0,10253.939036095408
2026-03-03 20:00:00+00:00,68266.0,10253.939036095408,0.0,10253.939036095408
2026-03-03 21:00:00+00:00,68024.62,10253.939036095408,0.0,10253.939036095408
2026-03-03 22:00:00+00:00,68327.2,10253.939036095408,0.0,10253.939036095408
2026-03-03 23:00:00+00:00,68338.0,10253.939036095408,0.0,10253.939036095408
2026-03-04 00:00:00+00:00,68093.19,92.38799071522044,0.1485469233184239,10207.42186415209
2026-03-04 01:00:00+00:00,68405.0,92.38799071522044,0.1485469233184239,10253.740280312008
2026-03-04 02:00:00+00:00,68323.33,92.38799071522044,0.1485469233184239,10241.608453084591
2026-03-04 03:00:00+00:00,67732.2,92.38799071522044,0.1485469233184239,10153.79791030337
2026-03-04 04:00:00+00:00,67786.0,92.38799071522044,0.1485469233184239,10161.789734777904
2026-03-04 05:00:00+00:00,68206.59,92.38799071522044,0.1485469233184239,10224.267085256399
2026-03-04 06:00:00+00:00,68508.02,92.38799071522044,0.1485469233184239,10269.043584352272
2026-03-04 07:00:00+00:00,69493.13,92.38799071522044,0.1485469233184239,10415.378643982483
2026-03-04 08:00:00+00:00,71011.4,92.38799071522044,0.1485469233184239,10640.912981249146
2026-03-04 09:00:00+00:00,71520.76,92.38799071522044,0.1485469233184239,10716.576842110619
2026-03-04 10:00:00+00:00,71348.92,92.38799071522044,0.1485469233184239,10691.050538807582
2026-03-04 11:00:00+00:00,71111.4,92.38799071522044,0.1485469233184239,10655.76767358099
2026-03-04 12:00:00+00:00,71339.71,92.38799071522044,0.1485469233184239,10689.68242164382
2026-03-04 13:00:00+00:00,71477.17,92.38799071522044,0.1485469233184239,10710.101681723168
2026-03-04 14:00:00+00:00,71621.04,92.38799071522044,0.1485469233184239,10731.47312758099
2026-03-04 15:00:00+00:00,73396.88,92.38799071522044,0.1485469233184239,10995.268695886782
2026-03-04 16:00:00+00:00,73294.84,92.38799071522044,0.1485469233184239,10980.110967831368
2026-03-04 17:00:00+00:00,73218.92,92.38799071522044,0.1485469233184239,10968.833285413033
2026-03-04 18:00:00+00:00,73693.5,92.38799071522044,0.1485469233184239,11039.33068428149
2026-03-04 19:00:00+00:00,73611.1,92.38799071522044,0.1485469233184239,11027.090417800055
2026-03-04 20:00:00+00:00,73019.68,92.38799071522044,0.1485469233184239,10939.23679641107
2026-03-04 21:00:00+00:00,73309.72,92.38799071522044,0.1485469233184239,10982.321346050347
2026-03-04 22:00:00+00:00,72705.86,92.38799071522044,0.1485469233184239,10892.619800935283
2026-03-04 23:00:00+00:00,72666.77,92.38799071522044,0.1485469233184239,10886.813101702766
2026-03-05 00:00:00+00:00,72760.0,92.38799071522044,0.1485469233184239,10900.662131363742
2026-03-05 01:00:00+00:00,72538.72,92.38799071522044,0.1485469233184239,10867.791668171842
2026-03-05 02:00:00+00:00,72506.19,92.38799071522044,0.1485469233184239,10862.959436756295
2026-03-05 03:00:00+00:00,72497.89,92.38799071522044,0.1485469233184239,10861.726497292751
2026-03-05 04:00:00+00:00,72815.7,92.38799071522044,0.1485469233184239,10908.936194992579
2026-03-05 05:00:00+00:00,72412.15,92.38799071522044,0.1485469233184239,10848.990084087429
2026-03-05 06:00:00+00:00,72553.62,92.38799071522044,0.1485469233184239,10870.005017329286
2026-03-05 07:00:00+00:00,72055.5,92.38799071522044,0.1485469233184239,10796.010823885914
2026-03-05 08:00:00+00:00,72333.7,92.38799071522044,0.1485469233184239,10837.336577953098
2026-03-05 09:00:00+00:00,72591.59,92.38799071522044,0.1485469233184239,10875.645344007688
2026-03-05 10:00:00+00:00,73388.92,92.38799071522044,0.1485469233184239,10994.086262377166
2026-03-05 11:00:00+00:00,72915.79,10983.184564105504,0.0,10983.184564105504
2026-03-05 12:00:00+00:00,72890.73,10983.184564105504,0.0,10983.184564105504
2026-03-05 13:00:00+00:00,72467.79,10983.184564105504,0.0,10983.184564105504
2026-03-05 14:00:00+00:00,72609.29,10983.184564105504,0.0,10983.184564105504
2026-03-05 15:00:00+00:00,71652.77,10983.184564105504,0.0,10983.184564105504
2026-03-05 16:00:00+00:00,71305.92,10983.184564105504,0.0,10983.184564105504
2026-03-05 17:00:00+00:00,70704.41,10983.184564105504,0.0,10983.184564105504
2026-03-05 18:00:00+00:00,70990.65,10983.184564105504,0.0,10983.184564105504
2026-03-05 19:00:00+00:00,70918.07,10983.184564105504,0.0,10983.184564105504
2026-03-05 20:00:00+00:00,71236.51,10983.184564105504,0.0,10983.184564105504
2026-03-05 21:00:00+00:00,71141.93,10983.184564105504,0.0,10983.184564105504
2026-03-05 22:00:00+00:00,71208.54,10983.184564105504,0.0,10983.184564105504
2026-03-05 23:00:00+00:00,70890.72,10983.184564105504,0.0,10983.184564105504
2026-03-06 00:00:00+00:00,70988.19,10983.184564105504,0.0,10983.184564105504
2026-03-06 01:00:00+00:00,71257.2,10983.184564105504,0.0,10983.184564105504
2026-03-06 02:00:00+00:00,71252.43,10983.184564105504,0.0,10983.184564105504
2026-03-06 03:00:00+00:00,71080.38,10983.184564105504,0.0,10983.184564105504
2026-03-06 04:00:00+00:00,70613.61,10983.184564105504,0.0,10983.184564105504
2026-03-06 05:00:00+00:00,70436.19,10983.184564105504,0.0,10983.184564105504
2026-03-06 06:00:00+00:00,70597.23,10983.184564105504,0.0,10983.184564105504
2026-03-06 07:00:00+00:00,71056.44,10983.184564105504,0.0,10983.184564105504
2026-03-06 08:00:00+00:00,70789.49,10983.184564105504,0.0,10983.184564105504
2026-03-06 09:00:00+00:00,70565.56,10983.184564105504,0.0,10983.184564105504
2026-03-06 10:00:00+00:00,70527.93,10983.184564105504,0.0,10983.184564105504
2026-03-06 11:00:00+00:00,70212.95,10983.184564105504,0.0,10983.184564105504
2026-03-06 12:00:00+00:00,69907.0,10983.184564105504,0.0,10983.184564105504
2026-03-06 13:00:00+00:00,69208.0,10983.184564105504,0.0,10983.184564105504
2026-03-06 14:00:00+00:00,68409.89,10983.184564105504,0.0,10983.184564105504
2026-03-06 15:00:00+00:00,68504.71,10983.184564105504,0.0,10983.184564105504
2026-03-06 16:00:00+00:00,68446.52,10983.184564105504,0.0,10983.184564105504
2026-03-06 17:00:00+00:00,67955.1,10983.184564105504,0.0,10983.184564105504
2026-03-06 18:00:00+00:00,68181.2,10983.184564105504,0.0,10983.184564105504
2026-03-06 19:00:00+00:00,68131.79,10983.184564105504,0.0,10983.184564105504
2026-03-06 20:00:00+00:00,68111.03,10983.184564105504,0.0,10983.184564105504
2026-03-06 21:00:00+00:00,68289.1,10983.184564105504,0.0,10983.184564105504
2026-03-06 22:00:00+00:00,68319.89,10983.184564105504,0.0,10983.184564105504
2026-03-06 23:00:00+00:00,68114.02,10983.184564105504,0.0,10983.184564105504
2026-03-07 00:00:00+00:00,68290.45,10983.184564105504,0.0,10983.184564105504
2026-03-07 01:00:00+00:00,68262.01,10983.184564105504,0.0,10983.184564105504
2026-03-07 02:00:00+00:00,68350.04,10983.184564105504,0.0,10983.184564105504
2026-03-07 03:00:00+00:00,68095.5,10983.184564105504,0.0,10983.184564105504
2026-03-07 04:00:00+00:00,68063.43,10983.184564105504,0.0,10983.184564105504
2026-03-07 05:00:00+00:00,68018.26,10983.184564105504,0.0,10983.184564105504
2026-03-07 06:00:00+00:00,67690.86,10983.184564105504,0.0,10983.184564105504
2026-03-07 07:00:00+00:00,67842.67,10983.184564105504,0.0,10983.184564105504
2026-03-07 08:00:00+00:00,67795.4,10983.184564105504,0.0,10983.184564105504
2026-03-07 09:00:00+00:00,68000.0,10983.184564105504,0.0,10983.184564105504
2026-03-07 10:00:00+00:00,67880.31,10983.184564105504,0.0,10983.184564105504
2026-03-07 11:00:00+00:00,68010.01,10983.184564105504,0.0,10983.184564105504
2026-03-07 12:00:00+00:00,67992.54,10983.184564105504,0.0,10983.184564105504
2026-03-07 13:00:00+00:00,67931.06,10983.184564105504,0.0,10983.184564105504
2026-03-07 14:00:00+00:00,68016.7,10983.184564105504,0.0,10983.184564105504
2026-03-07 15:00:00+00:00,67877.45,10983.184564105504,0.0,10983.184564105504
2026-03-07 16:00:00+00:00,67783.63,10983.184564105504,0.0,10983.184564105504
2026-03-07 17:00:00+00:00,67788.41,10983.184564105504,0.0,10983.184564105504
2026-03-07 18:00:00+00:00,67568.13,10983.184564105504,0.0,10983.184564105504
2026-03-07 19:00:00+00:00,67080.34,10983.184564105504,0.0,10983.184564105504
2026-03-07 20:00:00+00:00,67402.98,10983.184564105504,0.0,10983.184564105504
2026-03-07 21:00:00+00:00,67452.98,10983.184564105504,0.0,10983.184564105504
2026-03-07 22:00:00+00:00,67258.65,10983.184564105504,0.0,10983.184564105504
2026-03-07 23:00:00+00:00,67262.91,10983.184564105504,0.0,10983.184564105504
2026-03-08 00:00:00+00:00,67194.77,10983.184564105504,0.0,10983.184564105504
2026-03-08 01:00:00+00:00,67297.27,10983.184564105504,0.0,10983.184564105504
2026-03-08 02:00:00+00:00,66925.44,10983.184564105504,0.0,10983.184564105504
2026-03-08 03:00:00+00:00,67000.26,10983.184564105504,0.0,10983.184564105504
2026-03-08 04:00:00+00:00,66637.36,10983.184564105504,0.0,10983.184564105504
2026-03-08 05:00:00+00:00,67149.93,10983.184564105504,0.0,10983.184564105504
2026-03-08 06:00:00+00:00,67161.52,10983.184564105504,0.0,10983.184564105504
2026-03-08 07:00:00+00:00,67319.91,10983.184564105504,0.0,10983.184564105504
2026-03-08 08:00:00+00:00,67539.33,10983.184564105504,0.0,10983.184564105504
2026-03-08 09:00:00+00:00,67681.0,10983.184564105504,0.0,10983.184564105504
2026-03-08 10:00:00+00:00,67904.14,10983.184564105504,0.0,10983.184564105504
2026-03-08 11:00:00+00:00,67515.0,10983.184564105504,0.0,10983.184564105504
2026-03-08 12:00:00+00:00,67324.72,10983.184564105504,0.0,10983.184564105504
2026-03-08 13:00:00+00:00,67234.86,10983.184564105504,0.0,10983.184564105504
2026-03-08 14:00:00+00:00,67339.76,10983.184564105504,0.0,10983.184564105504
2026-03-08 15:00:00+00:00,67218.23,98.95849292258936,0.16147002481839037,10952.68775927086
2026-03-08 16:00:00+00:00,66872.15,98.95849292258936,0.16147002481839037,10896.806213081712
2026-03-08 17:00:00+00:00,67065.0,98.95849292258936,0.16147002481839037,10927.94570736794
2026-03-08 18:00:00+00:00,66804.0,98.95849292258936,0.16147002481839037,10885.80203089034
2026-03-08 19:00:00+00:00,67337.42,98.95849292258936,0.16147002481839037,10971.933371528965
2026-03-08 20:00:00+00:00,67238.8,98.95849292258936,0.16147002481839037,10956.009197681376
2026-03-08 21:00:00+00:00,67020.01,10945.152146976618,0.0,10945.152146976618
2026-03-08 22:00:00+00:00,66236.8,10945.152146976618,0.0,10945.152146976618
2026-03-08 23:00:00+00:00,65971.2,10945.152146976618,0.0,10945.152146976618
2026-03-09 00:00:00+00:00,66370.01,10945.152146976618,0.0,10945.152146976618
2026-03-09 01:00:00+00:00,66196.01,10945.152146976618,0.0,10945.152146976618
2026-03-09 02:00:00+00:00,66537.32,10945.152146976618,0.0,10945.152146976618
2026-03-09 03:00:00+00:00,67205.05,10945.152146976618,0.0,10945.152146976618
2026-03-09 04:00:00+00:00,67130.14,10945.152146976618,0.0,10945.152146976618
2026-03-09 05:00:00+00:00,67911.16,10945.152146976618,0.0,10945.152146976618
2026-03-09 06:00:00+00:00,67267.18,10945.152146976618,0.0,10945.152146976618
2026-03-09 07:00:00+00:00,67555.13,10945.152146976618,0.0,10945.152146976618
2026-03-09 08:00:00+00:00,67814.69,10945.152146976618,0.0,10945.152146976618
2026-03-09 09:00:00+00:00,67981.02,10945.152146976618,0.0,10945.152146976618
2026-03-09 10:00:00+00:00,67608.13,98.61582084425936,0.15939302801733266,10874.880380133729
2026-03-09 11:00:00+00:00,67764.98,98.61582084425936,0.15939302801733266,10899.881176578247
2026-03-09 12:00:00+00:00,68151.93,98.61582084425936,0.15939302801733266,10961.558308769552
2026-03-09 13:00:00+00:00,68976.0,98.61582084425936,0.15939302801733266,11092.909321367797
2026-03-09 14:00:00+00:00,69151.5,98.61582084425936,0.15939302801733266,11120.882797784838
2026-03-09 15:00:00+00:00,68863.66,98.61582084425936,0.15939302801733266,11075.00310860033
2026-03-09 16:00:00+00:00,68960.12,98.61582084425936,0.15939302801733266,11090.37816008288
2026-03-09 17:00:00+00:00,68600.71,98.61582084425936,0.15939302801733266,11033.090711883173
2026-03-09 18:00:00+00:00,68356.37,98.61582084425936,0.15939302801733266,10994.144619417417
2026-03-09 19:00:00+00:00,68991.93,98.61582084425936,0.15939302801733266,11095.448452304112
2026-03-09 20:00:00+00:00,68961.71,98.61582084425936,0.15939302801733266,11090.63159499743
2026-03-09 21:00:00+00:00,68919.72,98.61582084425936,0.15939302801733266,11083.938681750982
2026-03-09 22:00:00+00:00,68635.88,98.61582084425936,0.15939302801733266,11038.696564678543
2026-03-09 23:00:00+00:00,68432.16,98.61582084425936,0.15939302801733266,11006.225017010851
2026-03-10 00:00:00+00:00,69122.86,98.61582084425936,0.15939302801733266,11116.317781462421
