,timestamp,symbol,side,qty,price,fee,slippage,signal_strength,pnl
0,2025-09-11 07:28:50.783651,BTCUSDT,buy,4.0261482550421555,49680.23712229288,40.004,4.967526959531824,1.0,-40.004
1,2025-09-11 08:19:50.783651,BTCUSDT,sell,4.0261482550421555,49246.1287338127,39.65444305384427,4.92510538391798,0.31772553434213735,-1787.4391738324725
2,2025-09-11 08:19:50.783651,BTCUSDT,sell,1.2878934876537327,49246.1287338127,12.684753697686949,4.92510538391798,0.31772553434213735,-12.684753697686949
3,2025-09-11 08:22:50.783651,BTCUSDT,buy,1.2878934876537327,49119.148031525256,12.652046173780208,4.911423660785658,0.9795451049750938,150.8855733599173
4,2025-09-11 08:22:50.783651,BTCUSDT,buy,3.9742111322380826,49119.148031525256,39.041972982587595,4.911423660785658,0.9795451049750938,-39.041972982587595
5,2025-09-11 08:27:50.783651,BTCUSDT,sell,3.9742111322380826,49231.31668734088,39.13112936671372,4.923624031136569,0.8670002539530866,406.65079126391163
6,2025-09-11 08:27:50.783651,BTCUSDT,sell,3.5092492374964275,49231.31668734088,34.552992109199224,4.923624031136569,0.8670002539530866,-34.552992109199224
7,2025-09-11 09:09:50.783651,BTCUSDT,buy,3.5092492374964275,49379.47409292877,34.65697636171698,4.937453663922497,1.0,-554.5782389504881
8,2025-09-11 09:09:50.783651,BTCUSDT,buy,4.042156058655965,49379.47409292877,39.919908075595465,4.937453663922497,1.0,-39.919908075595465
9,2025-09-11 09:45:50.783651,BTCUSDT,sell,4.042156058655965,49143.00496127711,39.72873904895729,4.914791975323169,0.31384105947175994,-995.5738722398373
10,2025-09-11 09:45:50.783651,BTCUSDT,sell,1.2718586823743165,49143.00496127711,12.500591507592882,4.914791975323169,0.31384105947175994,-12.500591507592882
11,2025-09-11 10:30:50.783651,BTCUSDT,buy,1.2718586823743165,49283.09146732817,12.536225555393788,4.927816365096078,0.99064300944152,-190.70646455991962
12,2025-09-11 10:30:50.783651,BTCUSDT,buy,4.0021721708546485,49283.09146732817,39.447883432844996,4.927816365096078,0.99064300944152,-39.447883432844996
13,2025-09-11 10:47:50.783651,BTCUSDT,sell,4.0021721708546485,49337.495192659786,39.4914300479476,4.934242943556455,0.3039015427916088,178.24164546505324
14,2025-09-11 10:47:50.783651,BTCUSDT,sell,1.2259100231684077,49337.495192659786,12.096665974940953,4.934242943556455,0.3039015427916088,-12.096665974940953
15,2025-09-11 10:51:50.783651,BTCUSDT,buy,1.2259100231684077,49256.745983410096,12.076867721944529,4.9251820801291615,0.91062701160969,86.91439726017411
16,2025-09-11 10:51:50.783651,BTCUSDT,buy,3.6809664724015034,49256.745983410096,36.262486100905996,4.9251820801291615,0.91062701160969,-36.262486100905996
17,2025-09-11 11:10:50.783651,BTCUSDT,sell,3.6809664724015034,49216.92379853059,36.23316927542615,4.922184598312015,0.944703015288422,-182.817296674667
18,2025-09-11 11:10:50.783651,BTCUSDT,sell,3.8190182599184017,49216.92379853059,37.59206613672017,4.922184598312015,0.944703015288422,-37.59206613672017
19,2025-09-11 11:39:50.783651,BTCUSDT,buy,3.8190182599184017,49496.651076200586,37.805722852963974,4.949170190600853,0.3177077507747326,-1106.089304071949
20,2025-09-11 11:39:50.783651,BTCUSDT,buy,1.2789669474934822,49496.651076200586,12.66091614761565,4.949170190600853,0.3177077507747326,-12.66091614761565
21,2025-09-11 11:48:50.783651,BTCUSDT,sell,1.2789669474934822,49585.61771053516,12.68367322456438,4.959057676824159,0.3397921959251638,101.10171151909498
22,2025-09-11 11:48:50.783651,BTCUSDT,sell,1.3636328698292783,49585.61771053516,13.52331563617491,4.959057676824159,0.3397921959251638,-13.52331563617491
23,2025-09-11 11:53:50.783651,BTCUSDT,buy,1.3636328698292783,49435.4046836058,13.482348551975424,4.943046163745748,0.9595871660764959,191.35307244545447
24,2025-09-11 11:53:50.783651,BTCUSDT,buy,3.863540479742876,49435.4046836058,38.19913742551631,4.943046163745748,0.9595871660764959,-38.19913742551631
25,2025-09-11 12:24:50.783651,BTCUSDT,sell,3.863540479742876,49284.31246653144,38.08238724614814,4.928924139065202,0.3001859646835676,-621.8332840870277
26,2025-09-11 12:24:50.783651,BTCUSDT,sell,1.211329309609625,49284.31246653144,11.939906438933713,4.928924139065202,0.3001859646835676,-11.939906438933713
27,2025-09-11 12:26:50.783651,BTCUSDT,buy,1.211329309609625,49110.955278787755,11.897907910424626,4.910604467433586,1.0,198.09473463499864
28,2025-09-11 12:26:50.783651,BTCUSDT,buy,4.04776171476505,49110.955278787755,39.75788891060312,4.910604467433586,1.0,-39.75788891060312
29,2025-09-11 12:31:50.783651,BTCUSDT,sell,4.04776171476505,49281.15862500165,39.89567742830903,4.9286087233704166,1.0,649.0469111011896
30,2025-09-11 12:31:50.783651,BTCUSDT,sell,4.03420369453382,49281.15862500165,39.76204643917778,4.9286087233704166,1.0,-39.76204643917778
31,2025-09-11 13:10:50.783651,BTCUSDT,buy,4.03420369453382,49363.20366668532,39.82824372123347,4.935826783992525,1.0,-370.8146539996698
32,2025-09-11 13:10:50.783651,BTCUSDT,buy,4.034337865098184,49363.20366668532,39.82956833901242,4.935826783992525,1.0,-39.82956833901242
33,2025-09-11 15:00:50.783651,BTCUSDT,sell,4.034337865098184,47952.04472501907,38.690949948605216,4.795684040902415,0.33175884815309514,-5731.782901984623
34,2025-09-11 15:00:50.783651,BTCUSDT,sell,1.3688007750406421,47952.04472501907,13.127359196877928,4.795684040902415,0.33175884815309514,-13.127359196877928
35,2025-09-11 15:29:50.783651,BTCUSDT,buy,1.3688007750406421,47957.91813750644,13.128967103190899,4.795312282520172,0.9033338129529462,-21.16849866804123
36,2025-09-11 15:29:50.783651,BTCUSDT,buy,3.7062047692869013,47957.91813750644,35.548372985259434,4.795312282520172,0.9033338129529462,-35.548372985259434
37,2025-09-11 15:38:50.783651,BTCUSDT,sell,3.7062047692869013,48154.46594102579,35.69406226661869,4.815928186922974,0.8968443044900664,692.752344529641
38,2025-09-11 15:38:50.783651,BTCUSDT,sell,3.6655373487507683,48154.46594102579,35.30239868319537,4.815928186922974,0.8968443044900664,-35.30239868319537
39,2025-09-11 16:01:50.783651,BTCUSDT,buy,3.6655373487507683,48297.26887094217,35.40708857781928,4.829243962696637,0.34910447626129065,-558.8565616973585
40,2025-09-11 16:01:50.783651,BTCUSDT,buy,1.4249865951736012,48297.26887094217,13.76459214491757,4.829243962696637,0.34910447626129065,-13.76459214491757
41,2025-09-11 16:04:50.783651,BTCUSDT,sell,1.4249865951736012,48482.889679964646,13.81749357784603,4.848773845376854,0.8754599273997612,250.6896710644605
42,2025-09-11 16:04:50.783651,BTCUSDT,sell,3.5575176172933634,48482.889679964646,34.495746834752964,4.848773845376854,0.8754599273997612,-34.495746834752964
43,2025-09-11 16:48:50.783651,BTCUSDT,buy,3.5575176172933634,48742.97213626917,34.68079641880342,4.873809832643019,1.0,-959.9287166710803
44,2025-09-11 16:48:50.783651,BTCUSDT,buy,4.0488512813198145,48742.97213626917,39.47060903785389,4.873809832643019,1.0,-39.47060903785389
45,2025-09-11 17:27:50.783651,BTCUSDT,sell,4.0488512813198145,48531.647277384924,39.29948445272025,4.853650092743919,0.30592555949869754,-894.922410120933
46,2025-09-11 17:27:50.783651,BTCUSDT,sell,1.2407692330816917,48531.647277384924,12.043314954510413,4.853650092743919,0.30592555949869754,-12.043314954510413
47,2025-09-11 17:34:50.783651,BTCUSDT,buy,1.2407692330816917,48317.62210146258,11.990203783832545,4.831279082238325,0.8968206086873999,253.5656496055115
48,2025-09-11 17:34:50.783651,BTCUSDT,buy,3.65115373276149,48317.62210146258,35.28301325878284,4.831279082238325,0.8968206086873999,-35.28301325878284
49,2025-09-11 17:46:50.783651,BTCUSDT,sell,3.65115373276149,48448.83689479416,35.378830335276064,4.845368226298888,0.3226408887887641,443.7065521308731
50,2025-09-11 17:46:50.783651,BTCUSDT,sell,1.3101614612973105,48448.83689479416,12.695159788847715,4.845368226298888,0.3226408887887641,-12.695159788847715
51,2025-09-11 18:16:50.783651,BTCUSDT,buy,1.3101614612973105,48592.31069913221,12.7327545586776,4.858745195393567,1.0,-200.7066037081008
52,2025-09-11 18:16:50.783651,BTCUSDT,buy,4.053367359270699,48592.31069913221,39.39249721988058,4.858745195393567,1.0,-39.39249721988058
53,2025-09-11 18:35:50.783651,BTCUSDT,sell,4.053367359270699,48586.18077993479,39.38752785700262,4.859103988390416,0.3079840268308967,-64.23434224681154
54,2025-09-11 18:35:50.783651,BTCUSDT,sell,1.2478700405398508,48586.18077993479,12.12584787590675,4.859103988390416,0.3079840268308967,-12.12584787590675
55,2025-09-11 18:43:50.783651,BTCUSDT,buy,1.2478700405398508,48483.420367071994,12.100201547793752,4.847857250984816,1.0,116.13143901719232
56,2025-09-11 18:43:50.783651,BTCUSDT,buy,4.060488560713485,48483.420367071994,39.37327475695181,4.847857250984816,1.0,-39.37327475695181
57,2025-09-11 18:52:50.783651,BTCUSDT,sell,4.060488560713485,48668.56278344837,39.523628489711626,4.867343012643687,1.0,712.2450353094044
58,2025-09-11 18:52:50.783651,BTCUSDT,sell,4.046181802522041,48668.56278344837,39.384370617858046,4.867343012643687,1.0,-39.384370617858046
59,2025-09-11 19:06:50.783651,BTCUSDT,buy,4.046181802522041,48582.78542410842,39.314956459772105,4.857792763134057,0.3167558776260046,307.75583396991544
60,2025-09-11 19:06:50.783651,BTCUSDT,buy,1.285082431502181,48582.78542410842,12.486576804392394,4.857792763134057,0.3167558776260046,-12.486576804392394
61,2025-09-11 19:20:50.783651,BTCUSDT,sell,1.285082431502181,48665.30034405369,12.507784499184089,4.867016736076039,0.8801056650339549,93.53068945929346
62,2025-09-11 19:20:50.783651,BTCUSDT,sell,3.5649435775979836,48665.30034405369,34.69780998268223,4.867016736076039,0.8801056650339549,-34.69780998268223
63,2025-09-11 19:35:50.783651,BTCUSDT,buy,3.5649435775979836,48606.223251501135,34.65568868234656,4.8601363115158165,0.8609598820130152,175.9508129960553
64,2025-09-11 19:35:50.783651,BTCUSDT,buy,3.4922283271073207,48606.223251501135,33.94880594251895,4.8601363115158165,0.8609598820130152,-33.94880594251895
65,2025-09-11 20:11:50.783651,BTCUSDT,sell,3.4922283271073207,48449.16332643742,33.83910811864678,4.845400872727623,0.35470589326491225,-582.3282274795122
66,2025-09-11 20:11:50.783651,BTCUSDT,sell,1.4422281717683672,48449.16332643742,13.97494964959897,4.845400872727623,0.35470589326491225,-13.97494964959897
67,2025-09-11 20:31:50.783651,BTCUSDT,buy,1.4422281717683672,48493.11458433666,13.987627198064363,4.848826575776911,0.30019641500475297,-77.37536952501033
68,2025-09-11 20:31:50.783651,BTCUSDT,buy,1.2191984616031983,48493.11458433666,11.824546139914176,4.848826575776911,0.30019641500475297,-11.824546139914176
69,2025-09-11 20:32:50.783651,BTCUSDT,sell,1.2191984616031983,48587.00964840113,11.847441483446083,4.859186883528309,0.9043796942602182,102.62927617608815
70,2025-09-11 20:32:50.783651,BTCUSDT,sell,3.6648379176799812,48587.00964840113,35.612703053228714,4.859186883528309,0.9043796942602182,-35.612703053228714
71,2025-09-11 20:39:50.783651,BTCUSDT,buy,3.6648379176799812,48427.66211281648,35.49590647512881,4.842281983081193,1.0,548.486984024368
72,2025-09-11 20:39:50.783651,BTCUSDT,buy,4.066564813441148,48427.66211281648,39.3868453490393,4.842281983081193,1.0,-39.3868453490393
73,2025-09-11 21:33:50.783651,BTCUSDT,sell,4.066564813441148,47900.23026154125,38.957878187462505,4.790502076364646,1.0,-2183.7936860714326
74,2025-09-11 21:33:50.783651,BTCUSDT,sell,4.099762969181693,47900.23026154125,39.275918048308625,4.790502076364646,1.0,-39.275918048308625
75,2025-09-11 21:53:50.783651,BTCUSDT,buy,4.099762969181693,47890.22207638532,39.26771181093043,4.7885433533010655,0.3455085077022911,1.7634750800645662
76,2025-09-11 21:53:50.783651,BTCUSDT,buy,1.4151080765233393,47890.22207638532,13.553968009357838,4.7885433533010655,0.3455085077022911,-13.553968009357838
77,2025-09-11 22:21:50.783651,BTCUSDT,sell,1.4151080765233393,47808.75545824203,13.530911195497515,4.781353681188193,0.9063053232178552,-128.8149804971118
78,2025-09-11 22:21:50.783651,BTCUSDT,sell,3.715194750433249,47808.75545824203,35.523767460641544,4.781353681188193,0.9063053232178552,-35.523767460641544
79,2025-09-11 22:27:50.783651,BTCUSDT,buy,3.715194750433249,47740.636393085144,35.47315234198649,4.77358628068032,0.3124668481365715,217.60244093328626
80,2025-09-11 22:27:50.783651,BTCUSDT,buy,1.2831396408623998,47740.636393085144,12.251580607193139,4.77358628068032,0.3124668481365715,-12.251580607193139
81,2025-09-11 22:30:50.783651,BTCUSDT,sell,1.2831396408623998,47865.50347892871,12.283624988730107,4.787029050799902,0.863395691732797,147.93828269611672
82,2025-09-11 22:30:50.783651,BTCUSDT,sell,3.535013419615991,47865.50347892871,33.84103942693778,4.787029050799902,0.863395691732797,-33.84103942693778
83,2025-09-11 23:15:50.783651,BTCUSDT,buy,3.535013419615991,48201.15856675074,34.07834847490043,4.819633893283026,0.8751883695356427,-1220.623588288159
84,2025-09-11 23:15:50.783651,BTCUSDT,buy,3.5646639668067057,48201.15856675074,34.36418662024654,4.819633893283026,0.8751883695356427,-34.36418662024654
85,2025-09-11 23:19:50.783651,BTCUSDT,sell,3.5646639668067057,48318.97998671224,34.4481853742975,4.832381236796209,1.0,385.545584880473
86,2025-09-11 23:19:50.783651,BTCUSDT,sell,4.057369240956172,48318.97998671224,39.209588630492625,4.832381236796209,1.0,-39.209588630492625
87,2025-09-11 23:45:50.783651,BTCUSDT,buy,4.057369240956172,48473.3095278075,39.334823017094784,4.846846268155787,0.871928070957958,-665.5067560278679
88,2025-09-11 23:45:50.783651,BTCUSDT,buy,3.5318309350764205,48473.3095278075,34.23990682316903,4.846846268155787,0.871928070957958,-34.23990682316903
89,2025-09-11 23:50:50.783651,BTCUSDT,sell,3.5318309350764205,48588.993947270465,34.32162238544216,4.859385333256796,0.3273959015455591,374.2561889802201
90,2025-09-11 23:50:50.783651,BTCUSDT,sell,1.3219117619002496,48588.993947270465,12.846072519559373,4.859385333256796,0.3273959015455591,-12.846072519559373
91,2025-09-11 23:54:50.783651,BTCUSDT,buy,1.3219117619002496,48482.84038235497,12.818007390353486,4.8477992583066225,0.9270034770813858,127.50763863908442
92,2025-09-11 23:54:50.783651,BTCUSDT,buy,3.753556973106704,48482.84038235497,36.396620718641564,4.8477992583066225,0.9270034770813858,-36.396620718641564
93,2025-09-12 00:10:50.783651,BTCUSDT,sell,3.753556973106704,48602.76303861737,36.486648023171,4.860762380099914,1.0,413.6498746240486
94,2025-09-12 00:10:50.783651,BTCUSDT,sell,4.03987841907586,48602.76303861737,39.26985070143364,4.860762380099914,1.0,-39.26985070143364
95,2025-09-12 00:26:50.783651,BTCUSDT,buy,4.03987841907586,48510.77458697392,39.19552626931393,4.850592399459856,1.0,332.42663432924996
96,2025-09-12 00:26:50.783651,BTCUSDT,buy,4.049675003092116,48510.77458697392,39.29057424510091,4.850592399459856,1.0,-39.29057424510091
97,2025-09-12 01:18:50.783651,BTCUSDT,sell,4.049675003092116,48139.1744578744,38.98960229430888,4.814398885675473,0.3000474204976486,-1543.849356254464
98,2025-09-12 01:18:50.783651,BTCUSDT,sell,1.2223042417449999,48139.1744578744,11.768143426792486,4.814398885675473,0.3000474204976486,-11.768143426792486
99,2025-09-12 01:21:50.783651,BTCUSDT,buy,1.2223042417449999,48048.01214194791,11.745857809703638,4.804320782117429,1.0,99.6822276345373
100,2025-09-12 01:21:50.783651,BTCUSDT,buy,4.076506723199502,48048.01214194791,39.1736089066044,4.804320782117429,1.0,-39.1736089066044
101,2025-09-12 02:14:50.783651,BTCUSDT,sell,4.076506723199502,47295.379312581186,38.55998634880157,4.7300109323477955,1.0,-3106.672775362919
102,2025-09-12 02:14:50.783651,BTCUSDT,sell,4.125951890829566,47295.379312581186,39.02769194044918,4.7300109323477955,1.0,-39.02769194044918
103,2025-09-12 02:18:50.783651,BTCUSDT,buy,4.125951890829566,47076.40483552446,38.84699630891806,4.707169766574225,0.31144493708633453,864.6311613466992
104,2025-09-12 02:18:50.783651,BTCUSDT,buy,1.2864184194183748,47076.40483552446,12.111990860082983,4.707169766574225,0.31144493708633453,-12.111990860082983
105,2025-09-12 02:57:50.783651,BTCUSDT,sell,1.2864184194183748,46800.66225244207,12.041046792503945,4.680534278668347,0.9974395762216808,-366.76138468769483
106,2025-09-12 02:57:50.783651,BTCUSDT,sell,4.1448102367334805,46800.66225244207,38.79597279796562,4.680534278668347,0.9974395762216808,-38.79597279796562
107,2025-09-12 03:01:50.783651,BTCUSDT,buy,4.1448102367334805,46670.72627965972,38.688260807943976,4.666605967366195,0.32611966954532523,499.8716893002494
108,2025-09-12 03:01:50.783651,BTCUSDT,buy,1.3580242712431896,46670.72627965972,12.675995808865055,4.666605967366195,0.32611966954532523,-12.675995808865055
109,2025-09-12 03:06:50.783651,BTCUSDT,sell,1.3580242712431896,46749.56189669448,12.697407945139382,4.675423732041963,0.3200780998172859,94.36327342649983
110,2025-09-12 03:06:50.783651,BTCUSDT,sell,1.3309825137827873,46749.56189669448,12.444569882301288,4.675423732041963,0.3200780998172859,-12.444569882301288
111,2025-09-12 03:15:50.783651,BTCUSDT,buy,1.3309825137827873,46651.47418981697,12.418459277767083,4.664680950889306,0.8876188498641824,118.13456339325742
112,2025-09-12 03:15:50.783651,BTCUSDT,buy,3.6998955202465766,46651.47418981697,34.52111607356052,4.664680950889306,0.8876188498641824,-34.52111607356052
113,2025-09-12 03:18:50.783651,BTCUSDT,sell,3.6998955202465766,46743.763839030056,34.58940848549825,4.674843868291646,0.9449119262709338,306.8726512031393
114,2025-09-12 03:18:50.783651,BTCUSDT,sell,3.9309658767239197,46743.763839030056,36.74962812017373,4.674843868291646,0.9449119262709338,-36.74962812017373
115,2025-09-12 03:44:50.783651,BTCUSDT,buy,3.9309658767239197,46761.050711908436,36.76321894165377,4.675637507440115,0.8716429089768875,-104.7173263418284
116,2025-09-12 03:44:50.783651,BTCUSDT,buy,3.627847013130459,46761.050711908436,33.92838763120779,4.675637507440115,0.8716429089768875,-33.92838763120779
117,2025-09-12 04:20:50.783651,BTCUSDT,sell,3.627847013130459,46539.54334204801,33.767668661180885,4.654419776183204,0.3330161736789514,-837.3625187957064
118,2025-09-12 04:20:50.783651,BTCUSDT,sell,1.3908527865966105,46539.54334204801,12.94593070884424,4.654419776183204,0.3330161736789514,-12.94593070884424
119,2025-09-12 04:49:50.783651,BTCUSDT,buy,1.3908527865966105,46631.257188271455,12.971442800562116,4.66265945287887,0.9384198579672776,-140.5319013899314
120,2025-09-12 04:49:50.783651,BTCUSDT,buy,3.9097581538408654,46631.257188271455,36.46338760313896,4.66265945287887,0.9384198579672776,-36.46338760313896
121,2025-09-12 05:06:50.783651,BTCUSDT,sell,3.9097581538408654,46628.828026544565,36.46148811616522,4.66334913756873,0.3459188067951953,-45.95892298487162
122,2025-09-12 05:06:50.783651,BTCUSDT,sell,1.4404469478109034,46628.828026544565,13.433270602167127,4.66334913756873,0.3459188067951953,-13.433270602167127
123,2025-09-12 05:29:50.783651,BTCUSDT,buy,1.4404469478109034,46645.02475808927,13.437936708670742,4.66403607220127,0.922231852320486,-36.7684692267517
124,2025-09-12 05:29:50.783651,BTCUSDT,buy,3.8407942885338895,46645.02475808927,35.83078893587823,4.66403607220127,0.922231852320486,-35.83078893587823
125,2025-09-12 05:36:50.783651,BTCUSDT,sell,3.8407942885338895,46810.638224664006,35.95800638718313,4.681531975664257,1.0,600.1292501373676
126,2025-09-12 05:36:50.783651,BTCUSDT,sell,4.150017237904279,46810.638224664006,38.85299110993132,4.681531975664257,1.0,-38.85299110993132
127,2025-09-12 05:53:50.783651,BTCUSDT,buy,4.150017237904279,46781.96608718049,38.82919313697048,4.677728835835296,0.8976376167453526,80.16067166719009
128,2025-09-12 05:53:50.783651,BTCUSDT,buy,3.730822467991532,46781.96608718049,34.907042034974175,4.677728835835296,0.8976376167453526,-34.907042034974175
129,2025-09-12 06:31:50.783651,BTCUSDT,sell,3.730822467991532,46609.49324491216,34.77834892396356,4.6614154660346685,0.31406897408462586,-678.2439039769923
130,2025-09-12 06:31:50.783651,BTCUSDT,sell,1.3089959442882897,46609.49324491216,12.202327524584492,4.6614154660346685,0.31406897408462586,-12.202327524584492
131,2025-09-12 06:44:50.783651,BTCUSDT,buy,1.3089959442882897,46521.96863768203,12.179413653406558,4.651731690595625,1.0,102.38994223625997
132,2025-09-12 06:44:50.783651,BTCUSDT,buy,4.173703160574028,46521.96863768203,38.83377750784386,4.651731690595625,1.0,-38.83377750784386
133,2025-09-12 07:07:50.783651,BTCUSDT,sell,4.173703160574028,46443.251214059776,38.76806887589097,4.644789600366494,1.0,-367.31122864034677
134,2025-09-12 07:07:50.783651,BTCUSDT,sell,4.176977708956816,46443.251214059776,38.79848501052186,4.644789600366494,1.0,-38.79848501052186
135,2025-09-12 07:22:50.783651,BTCUSDT,buy,4.176977708956816,46333.086018640075,38.706453497407665,4.632845317333704,0.9016692590481719,421.4511120735527
136,2025-09-12 07:22:50.783651,BTCUSDT,buy,3.775035884510765,46333.086018640075,34.98181247209806,4.632845317333704,0.9016692590481719,-34.98181247209806
137,2025-09-12 07:50:50.783651,BTCUSDT,sell,3.775035884510765,46231.39266066125,34.905033256980765,4.623601626226446,0.9257643568611886,-418.8011088434396
138,2025-09-12 07:50:50.783651,BTCUSDT,sell,3.880370532016025,46231.39266066125,35.87898674689837,4.623601626226446,0.9257643568611886,-35.87898674689837
139,2025-09-12 08:00:50.783651,BTCUSDT,buy,3.880370532016025,46054.73156151177,35.74188464223973,4.605012654887105,0.864827088035016,649.7686386509705
140,2025-09-12 08:00:50.783651,BTCUSDT,buy,3.638589151667065,46054.73156151177,33.514849328531106,4.605012654887105,0.864827088035016,-33.514849328531106
141,2025-09-12 08:14:50.783651,BTCUSDT,sell,3.638589151667065,46202.206369674896,33.62216937595642,4.620682705237414,1.0,502.9780677505754
142,2025-09-12 08:14:50.783651,BTCUSDT,sell,4.195337559447849,46202.206369674896,38.766770342411554,4.620682705237414,1.0,-38.766770342411554
143,2025-09-12 08:53:50.783651,BTCUSDT,buy,4.195337559447849,46269.62807545989,38.82334170533192,4.626500157530245,0.33674895246233355,-321.68015630716985
144,2025-09-12 08:53:50.783651,BTCUSDT,buy,1.4125738682771107,46269.62807545989,13.071853502859117,4.626500157530245,0.33674895246233355,-13.071853502859117
145,2025-09-12 09:10:50.783651,BTCUSDT,sell,1.4125738682771107,46387.63171224391,13.10519127359567,4.639227093932277,0.880640573643104,153.5836624091673
146,2025-09-12 09:10:50.783651,BTCUSDT,sell,3.6828677041706377,46387.63171224391,34.167902141196954,4.639227093932277,0.880640573643104,-34.167902141196954
147,2025-09-12 09:15:50.783651,BTCUSDT,buy,3.6828677041706377,46265.35221708504,34.07783430047638,4.626072614446457,1.0,416.2613693024001
148,2025-09-12 09:15:50.783651,BTCUSDT,buy,4.193905508039369,46265.35221708504,38.806503098922875,4.626072614446457,1.0,-38.806503098922875
149,2025-09-12 09:49:50.783651,BTCUSDT,sell,4.193905508039369,46196.63825533474,38.74886712639012,4.620125838118838,1.0,-326.9287297901716
150,2025-09-12 09:49:50.783651,BTCUSDT,sell,4.196493255534065,46196.63825533474,38.772776173371845,4.620125838118838,1.0,-38.772776173371845
151,2025-09-12 10:27:50.783651,BTCUSDT,buy,4.196493255534065,46328.3242568089,38.88330005677876,4.632369188759185,0.9206301018890755,-591.5027170913158
152,2025-09-12 10:27:50.783651,BTCUSDT,buy,3.856804905133304,46328.3242568089,35.735861648053366,4.632369188759185,0.9206301018890755,-35.735861648053366
153,2025-09-12 10:46:50.783651,BTCUSDT,sell,3.856804905133304,46385.263467649595,35.779782333586326,4.638990245788591,0.9077686609175304,183.8236453312346
154,2025-09-12 10:46:50.783651,BTCUSDT,sell,3.7945436938630035,46385.263467649595,35.202181795868746,4.638990245788591,0.9077686609175304,-35.202181795868746
155,2025-09-12 10:49:50.783651,BTCUSDT,buy,3.7945436938630035,46260.064888145534,35.1071674998012,4.6255439344240585,0.8702397668004311,439.96431283793567
156,2025-09-12 10:49:50.783651,BTCUSDT,buy,3.6485744093350387,46260.064888145534,33.75665778501323,4.6255439344240585,0.8702397668004311,-33.75665778501323
157,2025-09-12 10:56:50.783651,BTCUSDT,sell,3.6485744093350387,46433.45893887106,33.88318600425485,4.643810274916177,1.0,598.7579102038362
158,2025-09-12 10:56:50.783651,BTCUSDT,sell,4.178127624301973,46433.45893887106,38.80098349687771,4.643810274916177,1.0,-38.80098349687771
159,2025-09-12 11:13:50.783651,BTCUSDT,buy,4.178127624301973,46293.02000653966,38.683629140337445,4.628839116739982,1.0,548.0881535609713
160,2025-09-12 11:13:50.783651,BTCUSDT,buy,4.193280075174758,46293.02000653966,38.823919682617834,4.628839116739982,1.0,-38.823919682617834
161,2025-09-12 11:26:50.783651,BTCUSDT,sell,4.193280075174758,46422.87356370958,38.93282214941208,4.6427516315307,1.0,505.5795118218003
162,2025-09-12 11:26:50.783651,BTCUSDT,sell,4.183321191488166,46422.87356370958,38.84035814976841,4.6427516315307,1.0,-38.84035814976841
163,2025-09-12 12:03:50.783651,BTCUSDT,buy,4.183321191488166,46455.936865405376,38.86802103189733,4.6451291736229905,0.9456879862268786,-177.1824316764811
164,2025-09-12 12:03:50.783651,BTCUSDT,buy,3.9587304822026557,46455.936865405376,36.78130666967247,4.6451291736229905,0.9456879862268786,-36.78130666967247
165,2025-09-12 12:28:50.783651,BTCUSDT,sell,3.9587304822026557,46131.94961003249,36.52479102493451,4.613656326633645,0.3397873250742424,-1319.1030147147528
166,2025-09-12 12:28:50.783651,BTCUSDT,sell,1.4292970638032927,46131.94961003249,13.18725202502818,4.613656326633645,0.3397873250742424,-13.18725202502818
167,2025-09-12 13:03:50.783651,BTCUSDT,buy,1.4292970638032927,46328.29890902456,13.243380320334019,4.632366654237558,0.31611191144907075,-293.8848568495353
168,2025-09-12 13:03:50.783651,BTCUSDT,buy,1.3231748766364722,46328.29890902456,12.260088238745237,4.632366654237558,0.31611191144907075,-12.260088238745237
169,2025-09-12 13:39:50.783651,BTCUSDT,sell,1.3231748766364722,46044.11139914973,12.184882284081187,4.604871627074317,0.3108804225560317,-388.2146556043327
170,2025-09-12 13:39:50.783651,BTCUSDT,sell,1.3079579133352912,46044.11139914973,12.044751973401917,4.604871627074317,0.3108804225560317,-12.044751973401917
171,2025-09-12 13:47:50.783651,BTCUSDT,buy,1.3079579133352912,45868.83448791668,11.99890100878747,4.5864248063080595,0.35680588519858863,217.25592206344734
172,2025-09-12 13:47:50.783651,BTCUSDT,buy,1.5064378064382447,45868.83448791668,13.819709281971225,4.5864248063080595,0.35680588519858863,-13.819709281971225
173,2025-09-12 14:01:50.783651,BTCUSDT,sell,1.5064378064382447,45994.78585678279,13.857656862737734,4.599938579536683,0.3290509416961016,175.8802469698192
174,2025-09-12 14:01:50.783651,BTCUSDT,sell,1.38558432141767,45994.78585678279,12.745930830024287,4.599938579536683,0.3290509416961016,-12.745930830024287
175,2025-09-12 14:06:50.783651,BTCUSDT,buy,1.38558432141767,45873.672071967434,12.712368157754742,4.586908516343101,0.8657325899694402,155.1009931899607
176,2025-09-12 14:06:50.783651,BTCUSDT,buy,3.65605839438246,45873.672071967434,33.54336477197295,4.586908516343101,0.8657325899694402,-33.54336477197295
177,2025-09-12 14:12:50.783651,BTCUSDT,sell,3.65605839438246,46077.6350043538,33.69250485019176,4.60822432286659,1.0,712.0078862438321
178,2025-09-12 14:12:50.783651,BTCUSDT,sell,4.205260596488221,46077.6350043538,38.753692572635074,4.60822432286659,1.0,-38.753692572635074
179,2025-09-12 14:42:50.783651,BTCUSDT,buy,4.205260596488221,46005.72401461999,38.69321168231866,4.60011239022424,1.0,263.71123989972364
180,2025-09-12 14:42:50.783651,BTCUSDT,buy,4.216915761491222,46005.72401461999,38.800452543213254,4.60011239022424,1.0,-38.800452543213254
181,2025-09-12 15:04:50.783651,BTCUSDT,sell,4.216915761491222,45920.75528986288,38.728791352280844,4.592534782466828,0.9296987901538161,-397.0347460143592
182,2025-09-12 15:04:50.783651,BTCUSDT,sell,3.924427485818229,45920.75528986288,36.042534845814146,4.592534782466828,0.9296987901538161,-36.042534845814146
183,2025-09-12 15:28:50.783651,BTCUSDT,buy,3.924427485818229,45922.46448548034,36.043876368666105,4.591787269819179,0.9794271048699741,-42.751490628476716
184,2025-09-12 15:28:50.783651,BTCUSDT,buy,4.135033375103527,45922.46448548034,37.978184662893526,4.591787269819179,0.9794271048699741,-37.978184662893526
185,2025-09-12 15:30:50.783651,BTCUSDT,sell,4.135033375103527,46104.18771910882,38.12847099011063,4.6108798598943395,0.9641990454670749,713.3031650953883
186,2025-09-12 15:30:50.783651,BTCUSDT,sell,4.054993260753721,46104.18771910882,37.39043409870215,4.6108798598943395,0.9641990454670749,-37.39043409870215
187,2025-09-12 15:49:50.783651,BTCUSDT,buy,4.054993260753721,46191.066935172574,37.46089302582977,4.618644829031837,1.0,-389.75552866391513
188,2025-09-12 15:49:50.783651,BTCUSDT,buy,4.205277570451355,46191.066935172574,38.84925154753969,4.618644829031837,1.0,-38.84925154753969
189,2025-09-12 16:40:50.783651,BTCUSDT,sell,4.205277570451355,46042.083368000174,38.723948096860504,4.604668803680397,0.3226526368941022,-665.2412014927849
190,2025-09-12 16:40:50.783651,BTCUSDT,sell,1.3590893931597623,46042.083368000174,12.515061428885309,4.604668803680397,0.3226526368941022,-12.515061428885309
191,2025-09-12 17:04:50.783651,BTCUSDT,buy,1.3590893931597623,46176.80476262551,12.551681112578706,4.617218754385249,0.8987074563724592,-195.65009957955849
192,2025-09-12 17:04:50.783651,BTCUSDT,buy,3.7736413470439154,46176.80476262551,34.8509399453236,4.617218754385249,0.8987074563724592,-34.8509399453236
193,2025-09-12 17:27:50.783651,BTCUSDT,sell,3.7736413470439154,46264.08709737067,34.91681439077578,4.626871396874776,0.3014018881789668,294.45541287009945
194,2025-09-12 17:27:50.783651,BTCUSDT,sell,1.2626717089692765,46264.08709737067,11.683270783828096,4.626871396874776,0.3014018881789668,-11.683270783828096
195,2025-09-12 17:43:50.783651,BTCUSDT,buy,1.2626717089692765,46192.23582576837,11.665125870246959,4.618761706406076,1.0,79.05944203543983
196,2025-09-12 17:43:50.783651,BTCUSDT,buy,4.198867179943914,46192.23582576837,38.791012595409654,4.618761706406076,1.0,-38.791012595409654
197,2025-09-12 17:57:50.783651,BTCUSDT,sell,4.198867179943914,46262.11705926356,38.849696998973045,4.626674373364949,0.3464759816575439,254.57232081796576
198,2025-09-12 17:57:50.783651,BTCUSDT,sell,1.4524471162714105,46262.11705926356,13.438655703067559,4.626674373364949,0.3464759816575439,-13.438655703067559
199,2025-09-12 18:09:50.783651,BTCUSDT,buy,1.4524471162714105,46105.19442069411,13.393071336293978,4.610058436228428,0.87313938142426,214.52876253160332
200,2025-09-12 18:09:50.783651,BTCUSDT,buy,3.674526084384041,46105.19442069411,33.88294790488761,4.610058436228428,0.87313938142426,-33.88294790488761
201,2025-09-12 18:11:50.783651,BTCUSDT,sell,3.674526084384041,46244.63928158898,33.98542666062591,4.624926420801785,0.3074881216642535,478.4083520308632
202,2025-09-12 18:11:50.783651,BTCUSDT,sell,1.2903681522213766,46244.63928158898,11.934521947985612,4.624926420801785,0.3074881216642535,-11.934521947985612
203,2025-09-12 18:33:50.783651,BTCUSDT,buy,1.2903681522213766,46318.746152301566,11.953646977151275,4.631411474081688,0.9311049866987291,-107.57879280546283
204,2025-09-12 18:33:50.783651,BTCUSDT,buy,3.905297467592568,46318.746152301566,36.177696410129265,4.631411474081688,0.9311049866987291,-36.177696410129265
205,2025-09-12 18:44:50.783651,BTCUSDT,sell,3.905297467592568,46414.18825211402,36.25224236826912,4.641883013515326,0.34821173146493145,336.47754833102897
206,2025-09-12 18:44:50.783651,BTCUSDT,sell,1.4568328971973667,46414.18825211402,13.523543268478251,4.641883013515326,0.34821173146493145,-13.523543268478251
207,2025-09-12 18:58:50.783651,BTCUSDT,buy,1.4568328971973667,46290.91360484102,13.48762515617071,4.628628497630416,0.9539475293895063,166.10293638153672
208,2025-09-12 18:58:50.783651,BTCUSDT,buy,4.005147009340649,46290.91360484102,37.08038283681508,4.628628497630416,0.9539475293895063,-37.08038283681508
209,2025-09-12 20:00:50.783651,BTCUSDT,sell,4.005147009340649,45663.13607671584,36.57751457895471,4.566770284698578,1.0,-2550.918803880791
210,2025-09-12 20:00:50.783651,BTCUSDT,sell,4.243396626479762,45663.13607671584,38.753359516484466,4.566770284698578,1.0,-38.753359516484466
211,2025-09-12 20:06:50.783651,BTCUSDT,buy,4.243396626479762,45507.63196576081,38.6213863925184,4.550308165758906,0.9248586553177687,621.2442334377877
212,2025-09-12 20:06:50.783651,BTCUSDT,buy,3.927157018076156,45507.63196576081,35.74312325007288,4.550308165758906,0.9248586553177687,-35.74312325007288
213,2025-09-12 20:22:50.783651,BTCUSDT,sell,3.927157018076156,45586.6115536277,35.80515629862812,4.559117067066836,0.3465812170398973,274.3600864775848
214,2025-09-12 20:22:50.783651,BTCUSDT,sell,1.4696274004281373,45586.6115536277,13.399066686377035,4.559117067066836,0.3465812170398973,-13.399066686377035
215,2025-09-12 20:43:50.783651,BTCUSDT,buy,1.4696274004281373,45530.63861434123,13.382614813325455,4.552608600570238,1.0,68.87675044456893
216,2025-09-12 20:43:50.783651,BTCUSDT,buy,4.248683135265504,45530.63861434123,38.68905128372399,4.552608600570238,1.0,-38.68905128372399
217,2025-09-12 21:04:50.783651,BTCUSDT,sell,4.248683135265504,45504.927608882455,38.66720370066731,4.550947855670529,0.3083146347791063,-147.90511898408658
218,2025-09-12 21:04:50.783651,BTCUSDT,sell,1.3098433306039334,45504.927608882455,11.920865187621898,4.550947855670529,0.3083146347791063,-11.920865187621898
219,2025-09-12 21:45:50.783651,BTCUSDT,buy,1.3098433306039334,45812.9986035807,12.0015701351735,4.580841776180023,0.32857400752143123,-415.52630789319085
220,2025-09-12 21:45:50.783651,BTCUSDT,buy,1.3875474416581133,45812.9986035807,12.713541801417025,4.580841776180023,0.32857400752143123,-12.713541801417025
221,2025-09-12 21:52:50.783651,BTCUSDT,sell,1.3875474416581133,45881.378673487416,12.732517919628917,4.588596727022377,0.9623910630286223,82.1480731398353
222,2025-09-12 21:52:50.783651,BTCUSDT,sell,4.055488955053106,45881.378673487416,37.21428489058747,4.588596727022377,0.9623910630286223,-37.21428489058747
223,2025-09-12 22:26:50.783651,BTCUSDT,buy,4.055488955053106,46059.44852925566,37.35871695724667,4.605484304491256,0.9830976004944539,-759.519050253247
224,2025-09-12 22:26:50.783651,BTCUSDT,buy,4.133088239319455,46059.44852925566,38.073553005161266,4.605484304491256,0.9830976004944539,-38.073553005161266
225,2025-09-12 22:59:50.783651,BTCUSDT,sell,4.133088239319455,45985.93460635993,38.01278509913195,4.599053365971486,0.9257736522235729,-341.85231524569787
226,2025-09-12 22:59:50.783651,BTCUSDT,sell,3.8900815947405802,45985.93460635993,35.77780756582894,4.599053365971486,0.9257736522235729,-35.77780756582894
227,2025-09-12 23:05:50.783651,BTCUSDT,buy,3.8900815947405802,45806.54333921047,35.63823823250988,4.580196314287605,0.3395318049136306,662.2084283628019
228,2025-09-12 23:05:50.783651,BTCUSDT,buy,1.4315888588484564,45806.54333921047,13.115227421354534,4.580196314287605,0.3395318049136306,-13.115227421354534
229,2025-09-12 23:48:50.783651,BTCUSDT,sell,1.4315888588484564,45748.409746788464,13.0985827407073,4.575298504525563,1.0,-96.32198597688507
230,2025-09-12 23:48:50.783651,BTCUSDT,sell,4.221960214431452,45748.409746788464,38.6295931648898,4.575298504525563,1.0,-38.6295931648898
231,2025-09-13 00:14:50.783651,BTCUSDT,buy,4.221960214431452,45720.461767406916,38.605994113485266,4.5715890178398695,1.0,79.38926290916122
232,2025-09-13 00:14:50.783651,BTCUSDT,buy,4.225953758585399,45720.461767406916,38.642511450046655,4.5715890178398695,1.0,-38.642511450046655
233,2025-09-13 00:51:50.783651,BTCUSDT,sell,4.225953758585399,45748.445457732996,38.66616300630917,4.575302075980289,0.9472263597688707,79.59161830627951
234,2025-09-13 00:51:50.783651,BTCUSDT,sell,3.998563568338202,45748.445457732996,36.585613463079696,4.575302075980289,0.9472263597688707,-36.585613463079696
235,2025-09-13 01:01:50.783651,BTCUSDT,buy,3.998563568338202,45566.74288756478,36.44030360761008,4.556218666890345,0.9004403095814502,690.1089737404269
236,2025-09-13 01:01:50.783651,BTCUSDT,buy,3.8163155404622056,45566.74288756478,34.77941380201183,4.556218666890345,0.9004403095814502,-34.77941380201183
237,2025-09-13 01:33:50.783651,BTCUSDT,sell,3.8163155404622056,45564.94894545182,34.778044552178955,4.556950589605549,0.3195410011664304,-41.624293716569724
238,2025-09-13 01:33:50.783651,BTCUSDT,sell,1.354256366605606,45564.94894545182,12.341324440687504,4.556950589605549,0.3195410011664304,-12.341324440687504
239,2025-09-13 01:56:50.783651,BTCUSDT,buy,1.354256366605606,45488.24217059701,12.320548313045723,4.548369380121585,1.0,91.56008989585948
240,2025-09-13 01:56:50.783651,BTCUSDT,buy,4.246973628527311,45488.24217059701,38.637472981317885,4.548369380121585,1.0,-38.637472981317885
241,2025-09-13 02:09:50.783651,BTCUSDT,sell,4.246973628527311,45597.17380294582,38.72999893529745,4.56017339763639,0.864847600065421,423.89977096252784
242,2025-09-13 02:09:50.783651,BTCUSDT,sell,3.6648153532776115,45597.17380294582,33.421044523820704,4.56017339763639,0.864847600065421,-33.421044523820704
243,2025-09-13 02:22:50.783651,BTCUSDT,buy,3.6648153532776115,45474.979937334036,33.331480932866626,4.547043289407156,1.0,414.4864738375458
244,2025-09-13 02:22:50.783651,BTCUSDT,buy,4.250795623653414,45474.979937334036,38.660969140669266,4.547043289407156,1.0,-38.660969140669266
245,2025-09-13 02:42:50.783651,BTCUSDT,sell,4.250795623653414,45595.4912035399,38.763422893267034,4.560005120867572,1.0,473.5053400955652
246,2025-09-13 02:42:50.783651,BTCUSDT,sell,4.23996502491094,45595.4912035399,38.66465759932872,4.560005120867572,1.0,-38.66465759932872
247,2025-09-13 03:30:50.783651,BTCUSDT,buy,4.23996502491094,45809.18802344196,38.8458710077926,4.580460756267712,1.0,-944.912913327201
248,2025-09-13 03:30:50.783651,BTCUSDT,buy,4.229834865683019,45809.18802344196,38.75306013403676,4.580460756267712,1.0,-38.75306013403676
249,2025-09-13 03:43:50.783651,BTCUSDT,sell,4.229834865683019,45921.586615551525,38.8481456307885,4.59261792335019,0.8645753372360039,436.57933812793965
250,2025-09-13 03:43:50.783651,BTCUSDT,sell,3.6428418686686816,45921.586615551525,33.45701567976529,4.59261792335019,0.8645753372360039,-33.45701567976529
251,2025-09-13 03:47:50.783651,BTCUSDT,buy,3.6428418686686816,45789.47207400943,33.360761203087385,4.5784893584641395,0.9792095122598158,447.91162218643456
252,2025-09-13 03:47:50.783651,BTCUSDT,buy,4.140819035106597,45789.47207400943,37.92118351430804,4.5784893584641395,0.9792095122598158,-37.92118351430804
253,2025-09-13 04:08:50.783651,BTCUSDT,sell,4.140819035106597,45691.458554550925,37.84001226489373,4.569602815732651,0.8768385814934256,-443.696259336449
254,2025-09-13 04:08:50.783651,BTCUSDT,sell,3.7128222990956448,45691.458554550925,33.92885323990823,4.569602815732651,0.8768385814934256,-33.92885323990823
255,2025-09-13 04:37:50.783651,BTCUSDT,buy,3.7128222990956448,45679.89236036835,33.92026459517288,4.567532482789829,0.9029830073188452,9.022959081560757
256,2025-09-13 04:37:50.783651,BTCUSDT,buy,3.826643666876419,45679.89236036835,34.96013416088002,4.567532482789829,0.9029830073188452,-34.96013416088002
257,2025-09-13 04:42:50.783651,BTCUSDT,sell,3.826643666876419,45889.663058496546,35.12067770357772,4.5894252483703895,1.0,767.5970357849262
258,2025-09-13 04:42:50.783651,BTCUSDT,sell,4.216962308513097,45889.663058496546,38.70299589360916,4.5894252483703895,1.0,-38.70299589360916
259,2025-09-13 05:01:50.783651,BTCUSDT,buy,4.216962308513097,45914.0215235394,38.723539639404954,4.59094305805047,0.35731172654046045,-141.44226861834954
260,2025-09-13 05:01:50.783651,BTCUSDT,buy,1.508371698977906,45914.0215235394,13.851082130473852,4.59094305805047,0.35731172654046045,-13.851082130473852
261,2025-09-13 05:11:50.783651,BTCUSDT,sell,1.508371698977906,46036.4346980428,13.888011044074448,4.60410388019227,0.9958529424647659,170.75655695890217
262,2025-09-13 05:11:50.783651,BTCUSDT,sell,4.191086242526452,46036.4346980428,38.58853362358692,4.60410388019227,0.9958529424647659,-38.58853362358692
263,2025-09-13 05:43:50.783651,BTCUSDT,buy,4.191086242526452,46247.63174510882,38.76556263127104,4.624300744435459,0.31093882246902427,-923.9106010518632
264,2025-09-13 05:43:50.783651,BTCUSDT,buy,1.3045382782282564,46247.63174510882,12.066361177779743,4.624300744435459,0.31093882246902427,-12.066361177779743
265,2025-09-13 05:56:50.783651,BTCUSDT,sell,1.3045382782282564,46337.63178458108,12.089842877086467,4.634226601119735,0.8836698378271693,105.3186536565297
266,2025-09-13 05:56:50.783651,BTCUSDT,sell,3.6957988924066805,46337.63178458108,34.25091364524067,4.634226601119735,0.8836698378271693,-34.25091364524067
267,2025-09-13 06:28:50.783651,BTCUSDT,buy,3.6957988924066805,46558.660461958294,34.414289153448834,4.655400506147998,0.35631537649206896,-851.2918301942802
268,2025-09-13 06:28:50.783651,BTCUSDT,buy,1.4853309512918516,46558.660461958294,13.831003886966966,4.655400506147998,0.35631537649206896,-13.831003886966966
269,2025-09-13 06:51:50.783651,BTCUSDT,sell,1.4853309512918516,46277.8658348323,13.747589296841628,4.628249408422562,0.8611333120022215,-430.82053992353417
270,2025-09-13 06:51:50.783651,BTCUSDT,sell,3.604630859649507,46277.8658348323,33.362924661391226,4.628249408422562,0.8611333120022215,-33.362924661391226
271,2025-09-13 07:01:50.783651,BTCUSDT,buy,3.604630859649507,46185.00547165845,33.29597919524427,4.618038743290526,0.9639121792946435,301.4313515394815
272,2025-09-13 07:01:50.783651,BTCUSDT,buy,4.041731876609925,46185.00547165845,37.33348176724115,4.618038743290526,0.9639121792946435,-37.33348176724115
273,2025-09-13 07:11:50.783651,BTCUSDT,sell,4.041731876609925,46288.00343648828,37.41673979877689,4.629263269976946,0.32681391260786924,378.87341787990385
274,2025-09-13 07:11:50.783651,BTCUSDT,sell,1.367174471302139,46288.00343648828,12.656755325182493,4.629263269976946,0.32681391260786924,-12.656755325182493
275,2025-09-13 07:29:50.783651,BTCUSDT,buy,1.367174471302139,46248.01204595943,12.645820283541909,4.624338770721806,0.8616643303423346,42.029387919374
276,2025-09-13 07:29:50.783651,BTCUSDT,buy,3.6109865063768716,46248.01204595943,33.40018948894291,4.624338770721806,0.8616643303423346,-33.40018948894291
277,2025-09-13 07:34:50.783651,BTCUSDT,sell,3.6109865063768716,46419.72270285092,33.524198461950164,4.642436513939174,0.34547818837269767,586.5206665743277
278,2025-09-13 07:34:50.783651,BTCUSDT,sell,1.4427561964665714,46419.72270285092,13.394468513559628,4.642436513939174,0.34547818837269767,-13.394468513559628
279,2025-09-13 07:55:50.783651,BTCUSDT,buy,1.4427561964665714,46436.048134176795,13.399179237000709,4.643140499363653,1.0,-36.95279644239355
280,2025-09-13 07:55:50.783651,BTCUSDT,buy,4.179654473857331,46436.048134176795,38.81732726645329,4.643140499363653,1.0,-38.81732726645329
281,2025-09-13 08:12:50.783651,BTCUSDT,sell,4.179654473857331,46524.10443750613,38.890936250885645,4.652875731320819,0.871588975711018,329.15398591091395
282,2025-09-13 08:12:50.783651,BTCUSDT,sell,3.6353367766974394,46524.10443750613,33.82615757291572,4.652875731320819,0.871588975711018,-33.82615757291572
283,2025-09-13 08:37:50.783651,BTCUSDT,buy,3.6353367766974394,46779.84486951431,34.01209809246928,4.677516735275276,0.8914162376312085,-963.7146958602856
284,2025-09-13 08:37:50.783651,BTCUSDT,buy,3.704587303081212,46779.84486951431,34.6600038687423,4.677516735275276,0.8914162376312085,-34.6600038687423
285,2025-09-13 09:07:50.783651,BTCUSDT,sell,3.704587303081212,46643.1392325709,34.558716275366265,4.664780401297321,0.9026211475317968,-540.9966831555407
286,2025-09-13 09:07:50.783651,BTCUSDT,sell,3.7536997840488064,46643.1392325709,35.01686833293196,4.664780401297321,0.9026211475317968,-35.01686833293196
287,2025-09-13 09:39:50.783651,BTCUSDT,buy,3.7536997840488064,46884.488239811006,35.19805867620347,4.687980025977595,0.8696301476835551,-941.1497750337744
288,2025-09-13 09:39:50.783651,BTCUSDT,buy,3.601603235168188,46884.488239811006,33.77186490474163,4.687980025977595,0.8696301476835551,-33.77186490474163
289,2025-09-13 09:45:50.783651,BTCUSDT,sell,3.601603235168188,47003.37791129656,33.85750358983172,4.700807871915458,0.8807749059089643,394.3359218606116
290,2025-09-13 09:45:50.783651,BTCUSDT,sell,3.634550941280003,47003.37791129656,34.16723428616852,4.700807871915458,0.8807749059089643,-34.16723428616852
291,2025-09-13 10:04:50.783651,BTCUSDT,buy,3.634550941280003,47013.92706287943,34.17490257193157,4.700922614028968,1.0,-72.51633138717978
292,2025-09-13 10:04:50.783651,BTCUSDT,buy,4.129563067961875,47013.92706287943,38.82939537574405,4.700922614028968,1.0,-38.82939537574405
293,2025-09-13 10:38:50.783651,BTCUSDT,sell,4.129563067961875,46754.13380397262,38.61482884628664,4.675880968490674,0.9116808324971193,-1111.4474761333274
294,2025-09-13 10:38:50.783651,BTCUSDT,sell,3.7785860801028965,46754.13380397262,35.332903835791846,4.675880968490674,0.9116808324971193,-35.332903835791846
295,2025-09-13 10:46:50.783651,BTCUSDT,buy,3.7785860801028965,46641.550320793176,35.247822559313576,4.66368866321136,0.8716802663086967,390.1585598320239
296,2025-09-13 10:46:50.783651,BTCUSDT,buy,3.617371113624572,46641.550320793176,33.74395936502083,4.66368866321136,0.8716802663086967,-33.74395936502083
297,2025-09-13 10:51:50.783651,BTCUSDT,sell,3.617371113624572,46792.522275188145,33.853183682379985,4.67972019953595,0.9575926197050194,512.2684031134258
298,2025-09-13 10:51:50.783651,BTCUSDT,sell,3.961789498297933,46792.522275188145,37.07642466974251,4.67972019953595,0.9575926197050194,-37.07642466974251
299,2025-09-13 11:08:50.783651,BTCUSDT,buy,3.961789498297933,46668.61242642499,36.97824372222939,4.666394603184017,1.0,453.92649384332856
300,2025-09-13 11:08:50.783651,BTCUSDT,buy,4.152075703008182,46668.61242642499,38.75432234977299,4.666394603184017,1.0,-38.75432234977299
301,2025-09-13 11:56:50.783651,BTCUSDT,sell,4.152075703008182,46383.01269627741,38.517156009706696,4.6387651461409405,0.33946845078811044,-1224.348856341167
302,2025-09-13 11:56:50.783651,BTCUSDT,sell,1.416236921819026,46383.01269627741,13.137867025133744,4.6387651461409405,0.33946845078811044,-13.137867025133744
303,2025-09-13 12:18:50.783651,BTCUSDT,buy,1.416236921819026,46304.17730120442,13.115537105684036,4.6299547346498,1.0,98.5340601428699
304,2025-09-13 12:18:50.783651,BTCUSDT,buy,4.1748472408413075,46304.17730120442,38.66257336907199,4.6299547346498,1.0,-38.66257336907199
305,2025-09-13 12:24:50.783651,BTCUSDT,sell,4.1748472408413075,46426.444499894926,38.76466274449169,4.643108760865289,0.9018214784333627,471.68221435395617
306,2025-09-13 12:24:50.783651,BTCUSDT,sell,3.75573235737275,46426.444499894926,34.87305996920511,4.643108760865289,0.9018214784333627,-34.87305996920511
307,2025-09-13 12:30:50.783651,BTCUSDT,buy,3.75573235737275,46282.196327879436,34.764708463779016,4.627756857102213,1.0,506.99281866666763
308,2025-09-13 12:30:50.783651,BTCUSDT,buy,4.179237942222157,46282.196327879436,38.684862188569745,4.627756857102213,1.0,-38.684862188569745
309,2025-09-13 12:37:50.783651,BTCUSDT,sell,4.179237942222157,46373.40397236335,38.76109787825932,4.637804177655198,0.3051956277732993,342.41735056961215
310,2025-09-13 12:37:50.783651,BTCUSDT,sell,1.2732193478547644,46373.40397236335,11.8087030326996,4.637804177655198,0.3051956277732993,-11.8087030326996
311,2025-09-13 12:56:50.783651,BTCUSDT,buy,1.2732193478547644,46381.542626238916,11.810775491015574,4.6376904935750645,0.877558636324852,-22.173067070882816
312,2025-09-13 12:56:50.783651,BTCUSDT,buy,3.66369896360654,46381.542626238916,33.985601930044815,4.6376904935750645,0.877558636324852,-33.985601930044815
313,2025-09-13 13:22:50.783651,BTCUSDT,sell,3.66369896360654,46351.81622048774,33.96382020965635,4.635645186564943,0.3059636236316135,-142.8724221519961
314,2025-09-13 13:22:50.783651,BTCUSDT,sell,1.2776511770975918,46351.81622048774,11.844290510943482,4.635645186564943,0.3059636236316135,-11.844290510943482
315,2025-09-13 13:23:50.783651,BTCUSDT,buy,1.2776511770975918,46263.68516991525,11.821770362842923,4.625905926397536,1.0,100.77897013994695
316,2025-09-13 13:23:50.783651,BTCUSDT,buy,4.18394358957723,46263.68516991525,38.71292979937721,4.625905926397536,1.0,-38.71292979937721
317,2025-09-13 13:31:50.783651,BTCUSDT,sell,4.18394358957723,46386.574187938975,38.81576194321517,4.6391213309252635,0.972995368020489,475.3449572466046
318,2025-09-13 13:31:50.783651,BTCUSDT,sell,4.059769167327486,46386.574187938975,37.66375673322874,4.6391213309252635,0.972995368020489,-37.66375673322874
319,2025-09-13 13:49:50.783651,BTCUSDT,buy,4.059769167327486,46303.69664011061,37.596463990561276,4.629906673340884,0.3066854855843633,298.8672493467407
320,2025-09-13 13:49:50.783651,BTCUSDT,buy,1.28313619792416,46303.69664011061,11.882789851325047,4.629906673340884,0.3066854855843633,-11.882789851325047
321,2025-09-13 14:18:50.783651,BTCUSDT,sell,1.28313619792416,46208.9346509388,11.858471343626316,4.621355600655079,0.358058520297321,-133.4510098372771
322,2025-09-13 14:18:50.783651,BTCUSDT,sell,1.5006081276742804,46208.9346509388,13.86830058167369,4.621355600655079,0.358058520297321,-13.86830058167369
323,2025-09-13 14:35:50.783651,BTCUSDT,buy,1.5006081276742804,46195.216669277856,13.86418351871855,4.6190597609529505,0.33203665041632874,6.721131256978213
324,2025-09-13 14:35:50.783651,BTCUSDT,buy,1.3921540285226124,46195.216669277856,12.86217139692202,4.6190597609529505,0.33203665041632874,-12.86217139692202
325,2025-09-13 14:55:50.783651,BTCUSDT,sell,1.3921540285226124,46184.36742765609,12.859150633835991,4.618898632630589,0.3507806955070479,-27.962966063988848
326,2025-09-13 14:55:50.783651,BTCUSDT,sell,1.470519568158491,46184.36742765609,13.583003209077983,4.618898632630589,0.3507806955070479,-13.583003209077983
327,2025-09-13 15:28:50.783651,BTCUSDT,buy,1.470519568158491,46254.49587171464,13.603628258932504,4.624987088463968,0.942651177296413,-116.7288775315297
328,2025-09-13 15:28:50.783651,BTCUSDT,buy,3.947727404729386,46254.49587171464,36.52002818894203,4.624987088463968,0.942651177296413,-36.52002818894203
329,2025-09-13 15:47:50.783651,BTCUSDT,sell,3.947727404729386,46240.64958584894,36.50909591650888,4.6245274113243795,0.940983065994753,-91.17045808222254
330,2025-09-13 15:47:50.783651,BTCUSDT,sell,3.9391416865900784,46240.64958584894,36.429694079724364,4.6245274113243795,0.940983065994753,-36.429694079724364
331,2025-09-13 15:58:50.783651,BTCUSDT,buy,3.9391416865900784,46071.47657985495,36.296414791693024,4.606686989289301,1.0,630.1000253650043
332,2025-09-13 15:58:50.783651,BTCUSDT,buy,4.200768319214305,46071.47657985495,38.707119847215694,4.606686989289301,1.0,-38.707119847215694
333,2025-09-13 16:08:50.783651,BTCUSDT,sell,4.200768319214305,46288.17946765098,38.88918357236287,4.629280874854885,0.9558292789454954,871.4294421634643
334,2025-09-13 16:08:50.783651,BTCUSDT,sell,3.999430527376193,46288.17946765098,37.02527160391825,4.629280874854885,0.9558292789454954,-37.02527160391825
335,2025-09-13 16:23:50.783651,BTCUSDT,buy,3.999430527376193,46174.21413830466,36.93411232046822,4.616959717859572,0.9227442911659856,418.862304929685
336,2025-09-13 16:23:50.783651,BTCUSDT,buy,3.8753189338207803,46174.21413830466,35.78796126089345,4.616959717859572,0.9227442911659856,-35.78796126089345
337,2025-09-13 16:36:50.783651,BTCUSDT,sell,3.8753189338207803,46349.776487923795,35.92403328040246,4.635441192913277,0.927643464009573,644.4360642646866
338,2025-09-13 16:36:50.783651,BTCUSDT,sell,3.8827187936774883,46349.776487923795,35.992629650482534,4.635441192913277,0.927643464009573,-35.992629650482534
339,2025-09-13 16:41:50.783651,BTCUSDT,buy,3.8827187936774883,46181.20996716118,35.86173037085258,4.617659230789286,0.3056803959614449,618.6346677789802
340,2025-09-13 16:41:50.783651,BTCUSDT,buy,1.284834210328699,46181.20996716118,11.867039688036275,4.617659230789286,0.3056803959614449,-11.867039688036275
341,2025-09-13 17:07:50.783651,BTCUSDT,sell,1.284834210328699,46124.844766260336,11.852555700358385,4.612945771201339,0.32023288040316594,-84.27249408981245
342,2025-09-13 17:07:50.783651,BTCUSDT,sell,1.347764745826102,46124.844766260336,12.433087936533454,4.612945771201339,0.32023288040316594,-12.433087936533454
343,2025-09-13 17:49:50.783651,BTCUSDT,buy,1.347764745826102,46194.29515898883,12.451808494714104,4.618967619135219,0.31206630031783006,-106.05459939795956
344,2025-09-13 17:49:50.783651,BTCUSDT,buy,1.3117404274043032,46194.29515898883,12.11898489509851,4.618967619135219,0.31206630031783006,-12.11898489509851
345,2025-09-13 17:54:50.783651,BTCUSDT,sell,1.3117404274043032,46325.1567944121,12.153316194614698,4.6329789773371886,0.34910747214790455,159.50318138632556
346,2025-09-13 17:54:50.783651,BTCUSDT,sell,1.4629876452073203,46325.1567944121,13.554626410503372,4.6329789773371886,0.34910747214790455,-13.554626410503372
347,2025-09-13 18:07:50.783651,BTCUSDT,buy,1.4629876452073203,46182.04854111411,13.512753289202939,4.617743079805223,0.933083442058185,195.85285321294938
348,2025-09-13 18:07:50.783651,BTCUSDT,buy,3.923545149297874,46182.04854111411,36.23947050762545,4.617743079805223,0.933083442058185,-36.23947050762545
349,2025-09-13 18:35:50.783651,BTCUSDT,sell,3.923545149297874,46268.935539155726,36.30765151956609,4.627356289543968,1.0,304.59740818365833
350,2025-09-13 18:35:50.783651,BTCUSDT,sell,4.196174562451704,46268.935539155726,38.83050606822458,4.627356289543968,1.0,-38.83050606822458
351,2025-09-13 18:57:50.783651,BTCUSDT,buy,4.196174562451704,46309.34328192225,38.86441765668918,4.630471281067003,0.3086277032127689,-208.422359979674
352,2025-09-13 18:57:50.783651,BTCUSDT,buy,1.295664297677498,46309.34328192225,12.000272547855591,4.630471281067003,0.3086277032127689,-12.000272547855591
353,2025-09-13 19:03:50.783651,BTCUSDT,sell,1.295664297677498,46457.44862217203,12.038651508186994,4.646209483165876,0.920193173169274,179.8561501488288
354,2025-09-13 19:03:50.783651,BTCUSDT,sell,3.848386764889995,46457.44862217203,35.75724608162476,4.646209483165876,0.920193173169274,-35.75724608162476
355,2025-09-13 19:12:50.783651,BTCUSDT,buy,3.848386764889995,46319.2743521186,35.65089647520036,4.63146428878099,0.9031937085348495,496.09713564675764
356,2025-09-13 19:12:50.783651,BTCUSDT,buy,3.7891712214793416,46319.2743521186,35.1023322749708,4.63146428878099,0.9031937085348495,-35.1023322749708
357,2025-09-13 19:28:50.783651,BTCUSDT,sell,3.7891712214793416,46408.332863255426,35.16982386445628,4.641297416063026,0.8664508566442533,302.2881235630071
358,2025-09-13 19:28:50.783651,BTCUSDT,sell,3.628490990950013,46408.332863255426,33.67844353986634,4.641297416063026,0.8664508566442533,-33.67844353986634
359,2025-09-13 19:42:50.783651,BTCUSDT,buy,3.628490990950013,46211.88076416844,33.535878605528275,4.6207260038136155,0.7389138730175302,679.2887930848196
360,2025-09-13 19:42:50.783651,BTCUSDT,buy,3.10808563182109,46211.88076416844,28.726096524508268,4.6207260038136155,0.7389138730175302,-28.726096524508268
361,2025-09-13 20:02:50.783651,BTCUSDT,sell,3.10808563182109,46190.373961560756,28.712727527673998,4.61949934608856,0.35136190990601984,-95.55771169902968
362,2025-09-13 20:02:50.783651,BTCUSDT,sell,1.4785184144986774,46190.373961560756,13.65866369494956,4.61949934608856,0.35136190990601984,-13.65866369494956
363,2025-09-13 20:09:50.783651,BTCUSDT,buy,1.4785184144986774,46069.76831542256,13.623000161207996,4.6065161799269845,0.3002732466007629,164.69466854662593
364,2025-09-13 20:09:50.783651,BTCUSDT,buy,1.267244758142507,46069.76831542256,11.6763344813118,4.6065161799269845,0.3002732466007629,-11.6763344813118
365,2025-09-13 20:14:50.783651,BTCUSDT,sell,1.267244758142507,46249.77035729007,11.72195581011411,4.625439579685917,1.0,216.38468820143876
366,2025-09-13 20:14:50.783651,BTCUSDT,sell,4.203589599905856,46249.77035729007,38.88301073438774,4.625439579685917,1.0,-38.88301073438774
367,2025-09-13 20:34:50.783651,BTCUSDT,buy,4.203589599905856,46174.21973588765,38.81949397310901,4.616960277562612,0.3051853246362041,278.76431242053184
368,2025-09-13 20:34:50.783651,BTCUSDT,buy,1.2856705894309148,46174.21973588765,11.872967260870253,4.616960277562612,0.3051853246362041,-11.872967260870253
369,2025-09-13 20:50:50.783651,BTCUSDT,sell,1.2856705894309148,46211.3180548583,11.88250650439383,4.621593964882777,0.9051588895041522,35.81371111349242
370,2025-09-13 20:50:50.783651,BTCUSDT,sell,3.8090790538795236,46211.3180548583,35.20451273098508,4.621593964882777,0.9051588895041522,-35.20451273098508
371,2025-09-13 21:15:50.783651,BTCUSDT,buy,3.8090790538795236,46132.58544184705,35.14453298156941,4.6127972644608235,1.0,264.7542140967807
372,2025-09-13 21:15:50.783651,BTCUSDT,buy,4.216338870660151,46132.58544184705,38.90212264050206,4.6127972644608235,1.0,-38.90212264050206
373,2025-09-13 21:41:50.783651,BTCUSDT,sell,4.216338870660151,46116.9901273891,38.88897161439221,4.612160228760331,0.9856012572756876,-104.64410216360278
374,2025-09-13 21:41:50.783651,BTCUSDT,sell,4.153678423890514,46116.9901273891,38.311029373381594,4.612160228760331,0.9856012572756876,-38.311029373381594
375,2025-09-13 22:08:50.783651,BTCUSDT,buy,4.153678423890514,46212.96115036012,38.39075592686827,4.620834031629784,0.9217802536069739,-437.0235233602871
376,2025-09-13 22:08:50.783651,BTCUSDT,buy,3.880753319946288,46212.96115036012,35.868220481761774,4.620834031629784,0.9217802536069739,-35.868220481761774
377,2025-09-13 22:42:50.783651,BTCUSDT,sell,3.880753319946288,46191.76105916966,35.85176601690767,4.6196380697219865,0.9593389865046414,-118.12409028745532
378,2025-09-13 22:42:50.783651,BTCUSDT,sell,4.035797585820398,46191.76105916966,37.28411955347792,4.6196380697219865,0.9593389865046414,-37.28411955347792
379,2025-09-13 23:02:50.783651,BTCUSDT,buy,4.035797585820398,46254.47626922244,37.33474073214297,4.624985128408298,0.8731192026390014,-290.4406340573794
380,2025-09-13 23:02:50.783651,BTCUSDT,buy,3.671394387809361,46254.47626922244,33.963684917176906,4.624985128408298,0.8731192026390014,-33.963684917176906
381,2025-09-13 23:08:50.783651,BTCUSDT,sell,3.671394387809361,46519.831001489496,34.158529292141694,4.652448344982986,1.0,940.0633455317852
382,2025-09-13 23:08:50.783651,BTCUSDT,sell,4.180376758214013,46519.831001489496,38.894084062934084,4.652448344982986,1.0,-38.894084062934084
383,2025-09-13 23:31:50.783651,BTCUSDT,buy,4.180376758214013,46539.60685312027,38.91061816504032,4.6534953357768245,1.0,-121.5811286962129
384,2025-09-13 23:31:50.783651,BTCUSDT,buy,4.186497295650984,46539.60685312027,38.967587646249605,4.6534953357768245,1.0,-38.967587646249605
385,2025-09-13 23:35:50.783651,BTCUSDT,sell,4.186497295650984,46720.86232683906,39.11935275635873,4.672553488031554,1.0,719.7061977892906
386,2025-09-13 23:35:50.783651,BTCUSDT,sell,4.16962088830615,46720.86232683906,38.9616566955328,4.672553488031554,1.0,-38.9616566955328
387,2025-09-13 23:40:50.783651,BTCUSDT,buy,4.16962088830615,46545.97125095068,38.8158107988923,4.654131711926311,1.0,690.4136724036305
388,2025-09-13 23:40:50.783651,BTCUSDT,buy,4.188346386181763,46545.97125095068,38.990130096047906,4.654131711926311,1.0,-38.990130096047906
389,2025-09-13 23:56:50.783651,BTCUSDT,sell,4.188346386181763,46652.18726142432,39.07910398477229,4.665685294668947,0.9979659425198699,405.7903396371399
390,2025-09-13 23:56:50.783651,BTCUSDT,sell,4.172287552170602,46652.18726142432,38.929268038474525,4.665685294668947,0.9979659425198699,-38.929268038474525
391,2025-09-14 00:07:50.783651,BTCUSDT,buy,4.172287552170602,46444.39804025132,38.75587676227946,4.643975406484969,1.0,828.2005042130506
392,2025-09-14 00:07:50.783651,BTCUSDT,buy,4.200247567136567,46444.39804025132,39.01559397513759,4.643975406484969,1.0,-39.01559397513759
393,2025-09-14 00:46:50.783651,BTCUSDT,sell,4.200247567136567,46341.74712974034,38.92936212770997,4.634638176794397,0.3330136864258702,-470.0885992658067
394,2025-09-14 00:46:50.783651,BTCUSDT,sell,1.4014860895372017,46341.74712974034,12.989462793436326,4.634638176794397,0.3330136864258702,-12.989462793436326
395,2025-09-14 00:52:50.783651,BTCUSDT,buy,1.4014860895372017,46159.851265084275,12.938477888624364,4.615523574153485,0.32562006304308677,241.98604617119096
396,2025-09-14 00:52:50.783651,BTCUSDT,buy,1.3751511635458713,46159.851265084275,12.695354635257,4.615523574153485,0.32562006304308677,-12.695354635257
397,2025-09-14 01:13:50.783651,BTCUSDT,sell,1.3751511635458713,46221.18844313846,12.712224213610966,4.6225811024269206,0.9338277544616538,71.6356675562227
398,2025-09-14 01:13:50.783651,BTCUSDT,sell,3.938475536221386,46221.18844313846,36.4082039876759,4.6225811024269206,0.9338277544616538,-36.4082039876759
399,2025-09-14 01:30:50.783651,BTCUSDT,buy,3.938475536221386,46123.95740835967,36.33161557730834,4.611934547378041,0.9067261141691765,346.61043626046023
400,2025-09-14 01:30:50.783651,BTCUSDT,buy,3.8325928772061193,46123.95740835967,35.35487012636754,4.611934547378041,0.9067261141691765,-35.35487012636754
401,2025-09-14 01:50:50.783651,BTCUSDT,sell,3.8325928772061193,46079.2360402329,35.320590366979225,4.6083844424647395,0.9122021804522966,-206.7193873085416
402,2025-09-14 01:50:50.783651,BTCUSDT,sell,3.857499648624516,46079.2360402329,35.55012736681691,4.6083844424647395,0.9122021804522966,-35.55012736681691
403,2025-09-14 01:57:50.783651,BTCUSDT,buy,3.857499648624516,45827.563637914966,35.355962126114925,4.582298133980657,0.939477994568421,935.4702413838035
404,2025-09-14 01:57:50.783651,BTCUSDT,buy,3.9921759999370905,45827.563637914966,36.590339938174765,4.582298133980657,0.939477994568421,-36.590339938174765
405,2025-09-14 02:12:50.783651,BTCUSDT,sell,3.9921759999370905,45885.72311399976,36.63677651109369,4.589031214520219,0.3067744525082617,195.54608808353902
406,2025-09-14 02:12:50.783651,BTCUSDT,sell,1.3026263701197467,45885.72311399976,11.954390588061854,4.589031214520219,0.3067744525082617,-11.954390588061854
407,2025-09-14 02:30:50.783651,BTCUSDT,buy,1.3026263701197467,45909.912458556966,11.96069252368108,4.590532192632963,0.31131927201330495,-43.47037061981007
408,2025-09-14 02:30:50.783651,BTCUSDT,buy,1.3221291114189795,45909.912458556966,12.139766352831012,4.590532192632963,0.31131927201330495,-12.139766352831012
409,2025-09-14 02:32:50.783651,BTCUSDT,sell,1.3221291114189795,46087.527353660946,12.186732317518732,4.609213656731299,0.8874872973817685,222.64309112108094
410,2025-09-14 02:32:50.783651,BTCUSDT,sell,3.753736583275821,46087.527353660946,34.600087492032436,4.609213656731299,0.8874872973817685,-34.600087492032436
411,2025-09-14 03:23:50.783651,BTCUSDT,buy,3.753736583275821,46204.71403402966,34.68806507786697,4.62000940246071,0.9589476431974919,-474.5759942505641
412,2025-09-14 03:23:50.783651,BTCUSDT,buy,4.050659968758131,46204.71403402966,37.4319171011122,4.62000940246071,0.9589476431974919,-37.4319171011122
413,2025-09-14 03:36:50.783651,BTCUSDT,sell,4.050659968758131,46312.48691482967,37.51922735990706,4.631711862668453,0.32927007481223264,399.0320666144359
414,2025-09-14 03:36:50.783651,BTCUSDT,sell,1.3865144537977983,46312.48691482967,12.842586499746549,4.631711862668453,0.32927007481223264,-12.842586499746549
415,2025-09-14 04:06:50.783651,BTCUSDT,buy,1.3865144537977983,46369.197842784175,12.85831260400599,4.63645613866538,0.30932019644733977,-91.4888339012112
416,2025-09-14 04:06:50.783651,BTCUSDT,buy,1.3022760031750658,46369.197842784175,12.077098727426973,4.63645613866538,0.30932019644733977,-12.077098727426973
417,2025-09-14 04:14:50.783651,BTCUSDT,sell,1.3022760031750658,46521.8651620589,12.11686172469908,4.652651781383611,1.0,186.69812463584245
418,2025-09-14 04:14:50.783651,BTCUSDT,sell,4.195356165546809,46521.8651620589,39.03515876807622,4.652651781383611,1.0,-39.03515876807622
419,2025-09-14 04:26:50.783651,BTCUSDT,buy,4.195356165546809,46407.90303791468,38.939536428042764,4.64032627116103,0.31733477122707876,439.17216373922935
420,2025-09-14 04:26:50.783651,BTCUSDT,buy,1.3347055705246267,46407.90303791468,12.388177340214295,4.64032627116103,0.31733477122707876,-12.388177340214295
421,2025-09-14 05:15:50.783651,BTCUSDT,sell,1.3347055705246267,45961.34178898112,12.268971782907881,4.596593838279659,0.30435202205336614,-608.2967583149673
422,2025-09-14 05:15:50.783651,BTCUSDT,sell,1.2917834290691186,45961.34178898112,11.874419940157562,4.596593838279659,0.30435202205336614,-11.874419940157562
423,2025-09-14 05:48:50.783651,BTCUSDT,buy,1.2917834290691186,46077.452030130014,11.904417797249835,4.607284474564949,0.910125496628923,-161.8937032586147
424,2025-09-14 05:48:50.783651,BTCUSDT,buy,3.852640709170608,46077.452030130014,35.50397349322696,4.607284474564949,0.910125496628923,-35.50397349322696
425,2025-09-14 06:00:50.783651,BTCUSDT,sell,3.852640709170608,46203.98617588105,35.60147161343107,4.620860703660583,1.0,451.8891294071401
426,2025-09-14 06:00:50.783651,BTCUSDT,sell,4.220142075834542,46203.98617588105,38.99747722642263,4.620860703660583,1.0,-38.99747722642263
427,2025-09-14 06:27:50.783651,BTCUSDT,buy,4.220142075834542,46296.642343404186,39.07568166465262,4.629201314208331,0.3256524466752481,-430.097872814609
428,2025-09-14 06:27:50.783651,BTCUSDT,buy,1.3735201237504828,46296.642343404186,12.717873984148873,4.629201314208331,0.3256524466752481,-12.717873984148873
429,2025-09-14 06:34:50.783651,BTCUSDT,sell,1.3735201237504828,46473.704741838446,12.76651373763067,4.64783525771054,1.0,230.43225367135156
430,2025-09-14 06:34:50.783651,BTCUSDT,sell,4.199262616820819,46473.704741838446,39.03105819751413,4.64783525771054,1.0,-39.03105819751413
431,2025-09-14 06:57:50.783651,BTCUSDT,buy,4.199262616820819,46506.034669968336,39.0582105692342,4.650138453151158,0.8937319171088953,-174.8200691695834
432,2025-09-14 06:57:50.783651,BTCUSDT,buy,3.75327562314953,46506.034669968336,34.90999325122782,4.650138453151158,0.8937319171088953,-34.90999325122782
433,2025-09-14 07:14:50.783651,BTCUSDT,sell,3.75327562314953,46607.73820002652,34.98633752725894,4.6612399439982255,1.0,346.73504262838117
434,2025-09-14 07:14:50.783651,BTCUSDT,sell,4.188485528619049,46607.73820002652,39.04316739449527,4.6612399439982255,1.0,-39.04316739449527
435,2025-09-14 08:21:50.783651,BTCUSDT,buy,4.188485528619049,47040.62038934307,39.405791551605134,4.703591679768579,0.8951792147845385,-1852.526577100912
436,2025-09-14 08:21:50.783651,BTCUSDT,buy,3.725061964040686,47040.62038934307,35.04584515544373,4.703591679768579,0.8951792147845385,-35.04584515544373
437,2025-09-14 08:44:50.783651,BTCUSDT,sell,3.725061964040686,47081.963187118985,35.07664605214014,4.708667185426748,0.3086294110272169,118.92783742993893
438,2025-09-14 08:44:50.783651,BTCUSDT,sell,1.2804153050826437,47081.963187118985,12.05689325162495,4.708667185426748,0.3086294110272169,-12.05689325162495
439,2025-09-14 08:49:50.783651,BTCUSDT,buy,1.2804153050826437,46973.59383574537,12.029141696404821,4.696889694605488,0.9989104371236005,126.72863440424979
440,2025-09-14 08:49:50.783651,BTCUSDT,buy,4.155399185044435,46973.59383574537,39.03880670873293,4.696889694605488,0.9989104371236005,-39.03880670873293
441,2025-09-14 09:04:50.783651,BTCUSDT,sell,4.155399185044435,47033.92382594341,39.08894574715346,4.703862768867111,0.3140218497836778,211.6062463555317
442,2025-09-14 09:04:50.783651,BTCUSDT,sell,1.3043846923416325,47033.92382594341,12.270066051864596,4.703862768867111,0.3140218497836778,-12.270066051864596
443,2025-09-14 09:06:50.783651,BTCUSDT,buy,1.3043846923416325,46883.30085965567,12.23077199355643,4.6878612998334575,0.9588463964267844,184.2395195472678
444,2025-09-14 09:06:50.783651,BTCUSDT,buy,3.9977902824707336,46883.30085965567,37.485920917376646,4.6878612998334575,0.9588463964267844,-37.485920917376646
445,2025-09-14 10:21:50.783651,BTCUSDT,sell,3.9977902824707336,46021.03751948274,36.79649131692183,4.602564008346235,0.3302027316896048,-3483.944493590999
446,2025-09-14 10:21:50.783651,BTCUSDT,sell,1.3972050761398276,46021.03751948274,12.86016544628855,4.602564008346235,0.3302027316896048,-12.86016544628855
447,2025-09-14 10:26:50.783651,BTCUSDT,buy,1.3972050761398276,45950.63283225494,12.840491489012805,4.594603822843055,0.998429038721391,85.52929488971319
448,2025-09-14 10:26:50.783651,BTCUSDT,buy,4.217151855843881,45950.63283225494,38.75615930514894,4.594603822843055,0.998429038721391,-38.75615930514894
449,2025-09-14 10:45:50.783651,BTCUSDT,sell,4.217151855843881,45964.46081069564,38.76782224213769,4.596905771642923,0.9123919466869979,19.546862701623773
450,2025-09-14 10:45:50.783651,BTCUSDT,sell,3.850752821824896,45964.46081069564,35.399555434089216,4.596905771642923,0.9123919466869979,-35.399555434089216
451,2025-09-14 10:54:50.783651,BTCUSDT,buy,3.850752821824896,45758.90200033667,35.24124420028106,4.575432656769408,0.8709569489824784,756.3149248404872
452,2025-09-14 10:54:50.783651,BTCUSDT,buy,3.692416876330686,45758.90200033667,33.792188397681024,4.575432656769408,0.8709569489824784,-33.792188397681024
453,2025-09-14 11:16:50.783651,BTCUSDT,sell,3.692416876330686,45695.09911937712,33.745071030798314,4.5699669086316135,0.3349977998084839,-269.33190544435456
454,2025-09-14 11:16:50.783651,BTCUSDT,sell,1.42176847392861,45695.09911937712,12.993570268194677,4.5699669086316135,0.3349977998084839,-12.993570268194677
455,2025-09-14 11:19:50.783651,BTCUSDT,buy,1.42176847392861,45620.35986686255,12.972317885596636,4.561579828703543,0.320402545357347,93.28959510460811
456,2025-09-14 11:19:50.783651,BTCUSDT,buy,1.3622994421090724,45620.35986686255,12.429718159088393,4.561579828703543,0.320402545357347,-12.429718159088393
457,2025-09-14 11:31:50.783651,BTCUSDT,sell,1.3622994421090724,45670.60035244778,12.443406676185203,4.567516786919441,0.3512610611408888,55.9991788078614
458,2025-09-14 11:31:50.783651,BTCUSDT,sell,1.4916096249326383,45670.60035244778,13.62454141243261,4.567516786919441,0.3512610611408888,-13.62454141243261
459,2025-09-14 11:52:50.783651,BTCUSDT,buy,1.4916096249326383,45573.27425308815,13.595506903120215,4.556871738132031,0.9248401567722759,131.57703965884943
460,2025-09-14 11:52:50.783651,BTCUSDT,buy,3.9366877517369567,45573.27425308815,35.88155011173627,4.556871738132031,0.9248401567722759,-35.88155011173627
461,2025-09-14 12:17:50.783651,BTCUSDT,sell,3.9366877517369567,45385.65191768167,35.733828001786875,4.539019093674142,0.9572172335626936,-774.3443777487546
462,2025-09-14 12:17:50.783651,BTCUSDT,sell,4.086349960707915,45385.65191768167,37.09233138610433,4.539019093674142,0.9572172335626936,-37.09233138610433
463,2025-09-14 12:54:50.783651,BTCUSDT,buy,4.086349960707915,45599.30166956983,37.26694091715101,4.559474219531694,0.784661462512153,-910.3145961505845
464,2025-09-14 12:54:50.783651,BTCUSDT,buy,3.3355903557443844,45599.30166956983,30.42011817553919,4.559474219531694,0.784661462512153,-30.42011817553919
465,2025-09-14 13:06:50.783651,BTCUSDT,sell,3.3355903557443844,45652.345779888085,30.45550486010051,4.565691147101461,0.31876503929238137,146.47791794650516
466,2025-09-14 13:06:50.783651,BTCUSDT,sell,1.352158118440125,45652.345779888085,12.345837994422292,4.565691147101461,0.31876503929238137,-12.345837994422292
467,2025-09-14 13:18:50.783651,BTCUSDT,buy,1.352158118440125,45573.822332043725,12.32460277092416,4.556926540550194,1.0,93.85151471973683
468,2025-09-14 13:18:50.783651,BTCUSDT,buy,4.250534051455529,45573.822332043725,38.74261673546725,4.556926540550194,1.0,-38.74261673546725
469,2025-09-14 13:37:50.783651,BTCUSDT,sell,4.250534051455529,45669.078412736795,38.82359457838607,4.567364577727858,1.0,366.06562001570586
470,2025-09-14 13:37:50.783651,BTCUSDT,sell,4.241835656613063,45669.078412736795,38.74414504316097,4.567364577727858,1.0,-38.74414504316097
471,2025-09-14 13:43:50.783651,BTCUSDT,buy,4.241835656613063,45561.80683777498,38.653139364838154,4.555725111262291,0.8713105458710022,416.3752522492281
472,2025-09-14 13:43:50.783651,BTCUSDT,buy,3.705928989167226,45561.80683777498,33.76976415178957,4.555725111262291,0.8713105458710022,-33.76976415178957
473,2025-09-14 14:02:50.783651,BTCUSDT,sell,3.705928989167226,45643.947903851906,33.83064594338468,4.564851275514229,0.9904264295256124,270.578312032193
474,2025-09-14 14:02:50.783651,BTCUSDT,sell,4.2059152335346734,45643.947903851906,38.39491516149476,4.564851275514229,0.9904264295256124,-38.39491516149476
475,2025-09-14 14:10:50.783651,BTCUSDT,buy,4.2059152335346734,45541.36313720858,38.308622594944,4.5536809456243645,0.8613194140720438,393.1542101588186
476,2025-09-14 14:10:50.783651,BTCUSDT,buy,3.667196479904902,45541.36313720858,33.401825317368434,4.5536809456243645,0.8613194140720438,-33.401825317368434
477,2025-09-14 15:07:50.783651,BTCUSDT,sell,3.667196479904902,45427.07836186205,33.31800437219693,4.543162152403966,0.9907716800110105,-452.42273022972205
478,2025-09-14 15:07:50.783651,BTCUSDT,sell,4.225958823792622,45427.07836186205,38.394592528485965,4.543162152403966,0.9907716800110105,-38.394592528485965
479,2025-09-14 15:17:50.783651,BTCUSDT,buy,4.225958823792622,45250.30008536819,38.24518098500515,4.524577550779213,1.0,708.8125364190751
480,2025-09-14 15:17:50.783651,BTCUSDT,buy,4.2797794501814534,45250.30008536819,38.73226088398057,4.524577550779213,1.0,-38.73226088398057
481,2025-09-14 15:48:50.783651,BTCUSDT,sell,4.2797794501814534,45245.09158419465,38.727802636722814,4.524961654584331,1.0,-61.01903892548462
482,2025-09-14 15:48:50.783651,BTCUSDT,sell,4.279328843992152,45245.09158419465,38.72372509306215,4.524961654584331,1.0,-38.72372509306215
483,2025-09-14 16:14:50.783651,BTCUSDT,buy,4.279328843992152,45177.60091382363,38.66596213857834,4.517308360547759,0.8775589158852983,250.1488102804721
484,2025-09-14 16:14:50.783651,BTCUSDT,buy,3.76317217499581,45177.60091382363,34.002218138393275,4.517308360547759,0.8775589158852983,-34.002218138393275
485,2025-09-14 16:26:50.783651,BTCUSDT,sell,3.76317217499581,45322.79328470324,34.11149491641644,4.53273260172864,0.3254975738481802,512.2723951994014
486,2025-09-14 16:26:50.783651,BTCUSDT,sell,1.3915585544055347,45322.79328470324,12.613864140976505,4.53273260172864,0.3254975738481802,-12.613864140976505
487,2025-09-14 16:43:50.783651,BTCUSDT,buy,1.3915585544055347,45292.48123876339,12.605427943610676,4.528795244354114,1.0,29.57555888552954
488,2025-09-14 16:43:50.783651,BTCUSDT,buy,4.281353638229815,45292.48123876339,38.78262586720705,4.528795244354114,1.0,-38.78262586720705
489,2025-09-14 16:53:50.783651,BTCUSDT,sell,4.281353638229815,45438.70930852412,38.907836682903344,4.544325363385724,1.0,587.1462417985417
490,2025-09-14 16:53:50.783651,BTCUSDT,sell,4.268012235488342,45438.70930852412,38.7865934587158,4.544325363385724,1.0,-38.7865934587158
491,2025-09-14 17:41:50.783651,BTCUSDT,buy,4.268012235488342,45770.933076297246,39.07018047987095,4.576635644065391,0.9799424474393637,-1457.0052862556042
492,2025-09-14 17:41:50.783651,BTCUSDT,buy,4.16317085334662,45770.933076297246,38.11044290274389,4.576635644065391,0.9799424474393637,-38.11044290274389
493,2025-09-14 17:51:50.783651,BTCUSDT,sell,4.16317085334662,45838.68691085947,38.166857060594275,4.584327123797266,0.9014001411315606,243.90393219132278
494,2025-09-14 17:51:50.783651,BTCUSDT,sell,3.8165636348905885,45838.68691085947,34.9892531070243,4.584327123797266,0.9014001411315606,-34.9892531070243
495,2025-09-14 17:54:50.783651,BTCUSDT,buy,3.8165636348905885,45724.50620513687,34.902097521170894,4.571993421173829,0.9978619312331275,400.87583174583284
496,2025-09-14 17:54:50.783651,BTCUSDT,buy,4.237117168423562,45724.50620513687,38.74801805189503,4.571993421173829,0.9978619312331275,-38.74801805189503
497,2025-09-14 18:24:50.783651,BTCUSDT,sell,4.237117168423562,45654.24679098354,38.68847857790453,4.565881267226359,1.0,-336.3858485303758
498,2025-09-14 18:24:50.783651,BTCUSDT,sell,4.249396148827053,45654.24679098354,38.80059609824106,4.565881267226359,1.0,-38.80059609824106
